key,occurrence,source_line,context,review_scope,source
gotel1994analysis,1,79,"This is a traceability problem with a verification component, rather than another estimate of how often a generator emits unsafe code. Requirements traceability concerns the recovery and maintenance of relations between artifacts~\cite{gotel1994analysis}. Model traceability carries those relations across transformations~\cite{aizenbud2006traceability}, and the broader traceability literature treats their correctness and evolution as engineering concerns~\cite{cleland2014traceability}. For a code generator, an especially useful relation connects an input region, the generator decision that emits an operation, the obligations triggered at that operation, and the evidence that those obligations hold.","Read as a specific contextual attribution, not keyword validation",https://discovery.ucl.ac.uk/749/1/2.2_rtprob.pdf
aizenbud2006traceability,2,79,"This is a traceability problem with a verification component, rather than another estimate of how often a generator emits unsafe code. Requirements traceability concerns the recovery and maintenance of relations between artifacts~\cite{gotel1994analysis}. Model traceability carries those relations across transformations~\cite{aizenbud2006traceability}, and the broader traceability literature treats their correctness and evolution as engineering concerns~\cite{cleland2014traceability}. For a code generator, an especially useful relation connects an input region, the generator decision that emits an operation, the obligations triggered at that operation, and the evidence that those obligations hold.","Read as a specific contextual attribution, not keyword validation",https://research.ibm.com/publications/model-traceability
cleland2014traceability,3,79,"This is a traceability problem with a verification component, rather than another estimate of how often a generator emits unsafe code. Requirements traceability concerns the recovery and maintenance of relations between artifacts~\cite{gotel1994analysis}. Model traceability carries those relations across transformations~\cite{aizenbud2006traceability}, and the broader traceability literature treats their correctness and evolution as engineering concerns~\cite{cleland2014traceability}. For a code generator, an especially useful relation connects an input region, the generator decision that emits an operation, the obligations triggered at that operation, and the evidence that those obligations hold.","Read as a specific contextual attribution, not keyword validation",https://doi.org/10.1145/2593882.2593891
necula1997pcc,4,83,"The producer/checker architecture itself is established practice. Proof-carrying code separates evidence production from checking~\cite{necula1997pcc}; certifying algorithms generalize this discipline to input--output computations~\cite{mcconnell2011certifying}. We use that architecture for a specific relational object: the complete finite input-to-event behavior of a deterministic generator, including claimed emitters and obligations. The producer may organize evidence into a convenient partition. The consumer must not trust that organization, its coverage, or its reported monitor states.","Read as a specific contextual attribution, not keyword validation",
mcconnell2011certifying,5,83,"The producer/checker architecture itself is established practice. Proof-carrying code separates evidence production from checking~\cite{necula1997pcc}; certifying algorithms generalize this discipline to input--output computations~\cite{mcconnell2011certifying}. We use that architecture for a specific relational object: the complete finite input-to-event behavior of a deterministic generator, including claimed emitters and obligations. The producer may organize evidence into a convenient partition. The consumer must not trust that organization, its coverage, or its reported monitor states.","Read as a specific contextual attribution, not keyword validation",https://www.cs.colostate.edu/~rmm/cert11.pdf
hoare1969axiomatic,6,152,"\subsection{Pre-event monitoring and diagnostic continuation} \label{sec:monitor} The monitor state is $\sigma=\langle P,A,R\rangle$. Here $P$ maps named values to protection sets, $A$ is a set of previously checked capabilities, and $R$ is a set of random sources declared strong. The initial state is empty. For each event at position $j$, the monitor first reconstructs the triggered obligations and evaluates them in $\sigma_j$, then applies the deterministic transition $\delta$ to obtain $\sigma_{j+1}$. This sequencing is a precondition discipline: a state-changing operation cannot establish the very condition required before it executes. The distinction is familiar from assertional reasoning~\cite{hoare1969axiomatic}.","Read as a specific contextual attribution, not keyword validation",https://doi.org/10.1145/363235.363259
mitreCWE,7,154,"The four rules are as follows. A protection rule requires a specified finite set to be contained in the protection set of the event's referenced source. A preceded rule requires its capability to be in $A$. A strong-random rule requires its source to be in $R$. A forbid rule rejects every event that triggers it. The selected CWE identifiers label the intended weakness themes; the actual obligation is the explicit rule, not an executable interpretation of the whole CWE taxonomy~\cite{mitreCWE}.","Read as a specific contextual attribution, not keyword validation",
leucker2009runtime,8,176,"The transition is applied \emph{regardless of whether} the current event fails. Failure is sticky: later steps do not remove it from the violation list. This is a diagnostic semantics, not an enforcement policy that allows a forbidden action to continue in a real system. Runtime monitoring distinguishes observation and enforcement~\cite{leucker2009runtime}; our artifact records an explanatory trace. A fail-stop deployment would truncate at the first violation, whereas our record also explains the states of subsequent events. Both agree on rejection and on the first failing prefix.","Read as a specific contextual attribution, not keyword validation",https://christian.schallhart.net/publications/2009--jlap--a-brief-account-of-runtime-verification.pdf
zeller2002simplifying,9,210,"The first value in each domain is its default. For an assignment $d$, let $p_i(d)$ be its value's domain index. The diagnostic rank is \[ \rank_S(d)=\bigl(\textstyle\sum_i[p_i(d)\ne0],\  \sum_i p_i(d),\ \langle p_1(d),\ldots,p_n(d)\rangle,\ \J(d)\bigr). \] Lexicographic comparison gives a total order. ``Least'' refers to this order, not to shortest source code, minimum repair distance, or an inferred human preference. Unlike adaptive delta debugging~\cite{zeller2002simplifying}, the negative checker can inspect every preceding element of this small finite order. The witness prefix is the trace slice ending at the first violating event, inclusive.","Read as a specific contextual attribution, not keyword validation",
clarkson2010hyperproperties,10,241,"The universal subject property compares a family of executions, while the example above already establishes an ambiguity in a single evidence-rich trace. Hyperproperties provide a general vocabulary for sets of traces~\cite{clarkson2010hyperproperties}, but the argument here does not require that machinery. It requires only that evidence erased by the observation can affect the desired predicate. Calling the origin field ``metadata'' does not make it irrelevant to a predicate explicitly defined over it.","Read as a specific contextual attribution, not keyword validation",https://doi.org/10.3233/JCS-2009-0393
buneman2001why,11,248,"These choices also distinguish our origins from broader provenance models. Why- and where-provenance recover different aspects of data derivation~\cite{buneman2001why}; provenance semirings retain algebraic information about contributions to query results~\cite{green2007semirings}. Our immediate emitter relation answers a narrower question: which static emission node, in which repetition occurrence, produced this event? It does not recover all input dependencies or establish the authenticity of the build environment. Keeping that granularity explicit allows exact checking without implying a complete causal history.","Read as a specific contextual attribution, not keyword validation",https://homepages.inf.ed.ac.uk/opb/papers/ICDT2001.pdf
green2007semirings,12,248,"These choices also distinguish our origins from broader provenance models. Why- and where-provenance recover different aspects of data derivation~\cite{buneman2001why}; provenance semirings retain algebraic information about contributions to query results~\cite{green2007semirings}. Our immediate emitter relation answers a narrower question: which static emission node, in which repetition occurrence, produced this event? It does not recover all input dependencies or establish the authenticity of the build environment. Keeping that granularity explicit allows exact checking without implying a complete causal history.","Read as a specific contextual attribution, not keyword validation",https://doi.org/10.1145/1265530.1265535
king1976symbolic,13,258,"This is symbolic execution in a small finite language, rather than general symbolic execution with an SMT solver. King's original symbolic-execution formulation separates symbolic inputs from concrete test runs~\cite{king1976symbolic}; later accounts explain both its testing uses and its path-explosion difficulties~\cite{cadar2013three,baldoni2018survey}. Here conditions are exact finite equality tests, so coordinate partitioning is sufficient. The method does not approximate an unbounded state space or require widening as in general abstract interpretation~\cite{cousot1977abstract}.","Read as a specific contextual attribution, not keyword validation",https://doi.org/10.1145/360248.360252
cadar2013three,14,258,"This is symbolic execution in a small finite language, rather than general symbolic execution with an SMT solver. King's original symbolic-execution formulation separates symbolic inputs from concrete test runs~\cite{king1976symbolic}; later accounts explain both its testing uses and its path-explosion difficulties~\cite{cadar2013three,baldoni2018survey}. Here conditions are exact finite equality tests, so coordinate partitioning is sufficient. The method does not approximate an unbounded state space or require widening as in general abstract interpretation~\cite{cousot1977abstract}.","Read as a specific contextual attribution, not keyword validation",https://doi.org/10.1145/2408776.2408795
baldoni2018survey,14,258,"This is symbolic execution in a small finite language, rather than general symbolic execution with an SMT solver. King's original symbolic-execution formulation separates symbolic inputs from concrete test runs~\cite{king1976symbolic}; later accounts explain both its testing uses and its path-explosion difficulties~\cite{cadar2013three,baldoni2018survey}. Here conditions are exact finite equality tests, so coordinate partitioning is sufficient. The method does not approximate an unbounded state space or require widening as in general abstract interpretation~\cite{cousot1977abstract}.","Read as a specific contextual attribution, not keyword validation",https://arxiv.org/abs/1610.00502
cousot1977abstract,15,258,"This is symbolic execution in a small finite language, rather than general symbolic execution with an SMT solver. King's original symbolic-execution formulation separates symbolic inputs from concrete test runs~\cite{king1976symbolic}; later accounts explain both its testing uses and its path-explosion difficulties~\cite{cadar2013three,baldoni2018survey}. Here conditions are exact finite equality tests, so coordinate partitioning is sufficient. The method does not approximate an unbounded state space or require widening as in general abstract interpretation~\cite{cousot1977abstract}.","Read as a specific contextual attribution, not keyword validation",https://doi.org/10.1145/512950.512973
claessen2000quickcheck,16,276,"The ordering is also distinct from test-suite generation. QuickCheck obtains evidence by randomized property testing~\cite{claessen2000quickcheck}; SmallCheck exhausts bounded values~\cite{runciman2008smallcheck}. Our negative record uses complete finite replay to certify a particular least failure, while the positive record uses regions to certify all assignments. These are complementary uses of the bounded domain rather than competing notions of statistical confidence.","Read as a specific contextual attribution, not keyword validation",
runciman2008smallcheck,17,276,"The ordering is also distinct from test-suite generation. QuickCheck obtains evidence by randomized property testing~\cite{claessen2000quickcheck}; SmallCheck exhausts bounded values~\cite{runciman2008smallcheck}. Our negative record uses complete finite replay to certify a particular least failure, while the positive record uses regions to certify all assignments. These are complementary uses of the bounded domain rather than competing notions of statistical confidence.","Read as a specific contextual attribution, not keyword validation",
alkassar2014framework,18,365,"\subsection{What has, and has not, been proved} Theorem~1 certifies the complete supplied generator-to-event relation through checker-side regions. Theorem~4 relates the mathematical producer and checker definitions. Neither is a machine-checked proof of the Python source. This difference is substantive: Alkassar et al. combine verified checker implementations with higher-level mathematical proofs~\cite{alkassar2014framework}; Noschinski et al. connect certifying computations with verification infrastructures for C~\cite{noschinski2014autocorres}. Our work retains the Python checker and its runtime in the trusted implementation base.","Read as a specific contextual attribution, not keyword validation",https://arxiv.org/abs/1301.7462
noschinski2014autocorres,19,365,"\subsection{What has, and has not, been proved} Theorem~1 certifies the complete supplied generator-to-event relation through checker-side regions. Theorem~4 relates the mathematical producer and checker definitions. Neither is a machine-checked proof of the Python source. This difference is substantive: Alkassar et al. combine verified checker implementations with higher-level mathematical proofs~\cite{alkassar2014framework}; Noschinski et al. connect certifying computations with verification infrastructures for C~\cite{noschinski2014autocorres}. Our work retains the Python checker and its runtime in the trusted implementation base.","Read as a specific contextual attribution, not keyword validation",https://people.eng.unimelb.edu.au/rizkallahc/publications/AutoCorresVerification.pdf
appel2001foundational,20,367,"The practical benefit of separate code is that a producer fault cannot automatically be accepted by calling the same faulty routine in the consumer. Shared requirements mistakes remain possible. Foundational proof-carrying code explicitly addresses the size of the trusted foundations~\cite{appel2001foundational}; our domain-specific checker is not a foundational proof kernel. The bounded exhaustive, differential, transformation, and mutation evidence in Section~\ref{sec:evaluation} complements the mathematical argument at this implementation boundary.","Read as a specific contextual attribution, not keyword validation",https://www.cs.princeton.edu/~appel/papers/fpcc.pdf
leroy2009compcert,21,482,Source-to-target semantic preservation is a stronger and different obligation. CompCert establishes correctness of a realistic compiler~\cite{leroy2009compcert}; CakeML verifies an implementation of ML~\cite{kumar2014cakeml}; Cogent connects a restricted systems language with high-assurance implementations~\cite{amani2016cogent}. Our encoders are reference transports for event evidence. Their round trips should not be read as comparable end-to-end compiler correctness results.,"Read as a specific contextual attribution, not keyword validation",
kumar2014cakeml,22,482,Source-to-target semantic preservation is a stronger and different obligation. CompCert establishes correctness of a realistic compiler~\cite{leroy2009compcert}; CakeML verifies an implementation of ML~\cite{kumar2014cakeml}; Cogent connects a restricted systems language with high-assurance implementations~\cite{amani2016cogent}. Our encoders are reference transports for event evidence. Their round trips should not be read as comparable end-to-end compiler correctness results.,"Read as a specific contextual attribution, not keyword validation",https://cakeml.org/popl14.pdf
amani2016cogent,23,482,Source-to-target semantic preservation is a stronger and different obligation. CompCert establishes correctness of a realistic compiler~\cite{leroy2009compcert}; CakeML verifies an implementation of ML~\cite{kumar2014cakeml}; Cogent connects a restricted systems language with high-assurance implementations~\cite{amani2016cogent}. Our encoders are reference transports for event evidence. Their round trips should not be read as comparable end-to-end compiler correctness results.,"Read as a specific contextual attribution, not keyword validation",
barr2015oracle,24,571,These comparisons address the oracle problem only within the stated semantics. A second implementation can reproduce the same specification mistake. The general testing-oracle literature distinguishes agreement from an independently justified expected behavior~\cite{barr2015oracle}. Our theorem-directed examples and explicit monitor semantics provide that justification for particular properties; they do not create external truth for unmodeled vendor behavior.,"Read as a specific contextual attribution, not keyword validation",https://doi.org/10.1109/TSE.2014.2372785
wolff2026benchmark,25,602,"Figure~\ref{fig:recall} aggregates these counts over the 180 rejecting subjects. Such an aggregate depends on the mixture of fault classes. For example, a corpus containing only semantic faults would make exhaustive operation safety appear equivalent to the full method. The per-class table is therefore the primary result. Studies of benchmark-property effects show why an overall ranking can change with the selected subjects and conditions~\cite{wolff2026benchmark}. Here the controlled mixture is used to expose a logical separation, not to declare an overall winning analyzer.","Read as a specific contextual attribution, not keyword validation",https://arxiv.org/html/2212.09519v2
jia2011mutation,26,627,"This is a sensitivity test for the encoded checker predicates. Mutation testing more generally studies the relation between syntactic changes and test effectiveness~\cite{jia2011mutation}; our eight chosen categories are not a distribution over all possible malicious records or all checker bugs. In particular, the 1,440 count does not include a separate declaration mutation or a direct prefix mutation. Declaration faults occur in the subject corpus, and prefix consistency is checked by the negative verifier and its regression tests. We keep those evidence sources distinct.","Read as a specific contextual attribution, not keyword validation",https://doi.org/10.1109/TSE.2010.62
segura2016survey,27,634,"The metamorphic experiment applies consistent node renaming and JSON object-key permutation to every frozen subject, giving 720 transformed records. It generates and verifies a fresh record for each transformation. All preserve the subject verdict. Ordered field and domain lists are intentionally not permuted by the object-key transformation. This follows the use of metamorphic relations when a direct oracle is expensive or incomplete~\cite{segura2016survey}; here the relation itself is also stated explicitly in Section~\ref{sec:principles}.","Read as a specific contextual attribution, not keyword validation",https://doi.org/10.1109/TSE.2016.2532875
kalibera2013benchmarking,28,685,"Runtime measurement has its own variability; rigorous benchmarking separates sources of variation and the strength of performance conclusions~\cite{kalibera2013benchmarking}. The per-subject timings here are feasibility measurements from the retained run, and scaling uses seven repetitions per point. We do not infer a statistically significant performance advantage, multi-machine scalability, or a production throughput claim from these data. Scientific counts and verdicts must reproduce exactly; wall-clock times and RSS need not.","Read as a specific contextual attribution, not keyword validation",https://kar.kent.ac.uk/33611/45/p63-kaliber.pdf
schumann2003certification,29,691,"\section{Relationship to Existing Methods} \label{sec:related} \subsection{Generated-code certification and customized verifiers} The closest lineage is certification that exploits the structure of generated code. Schumann et al. study certification support for automatically generated programs~\cite{schumann2003certification}. Denney and Fischer infer annotations using knowledge of the generator's output patterns~\cite{denney2006annotations}, then generate customized verifiers for automatically generated code~\cite{denney2008verifiers}. The latter work connects concrete code-generation practice with safety checking; it should not be described as output scanning without generator knowledge.","Read as a specific contextual attribution, not keyword validation",https://ieeexplore.ieee.org/document/1174914/
denney2006annotations,30,691,"\section{Relationship to Existing Methods} \label{sec:related} \subsection{Generated-code certification and customized verifiers} The closest lineage is certification that exploits the structure of generated code. Schumann et al. study certification support for automatically generated programs~\cite{schumann2003certification}. Denney and Fischer infer annotations using knowledge of the generator's output patterns~\cite{denney2006annotations}, then generate customized verifiers for automatically generated code~\cite{denney2008verifiers}. The latter work connects concrete code-generation practice with safety checking; it should not be described as output scanning without generator knowledge.","Read as a specific contextual attribution, not keyword validation",https://eprints.soton.ac.uk/263485/
denney2008verifiers,31,691,"\section{Relationship to Existing Methods} \label{sec:related} \subsection{Generated-code certification and customized verifiers} The closest lineage is certification that exploits the structure of generated code. Schumann et al. study certification support for automatically generated programs~\cite{schumann2003certification}. Denney and Fischer infer annotations using knowledge of the generator's output patterns~\cite{denney2006annotations}, then generate customized verifiers for automatically generated code~\cite{denney2008verifiers}. The latter work connects concrete code-generation practice with safety checking; it should not be described as output scanning without generator knowledge.","Read as a specific contextual attribution, not keyword validation",https://ntrs.nasa.gov/citations/20100036452
watanabe2021certifying,32,695,"Certifying the synthesis of heap-manipulating programs links synthesis outputs to independently checkable proofs~\cite{watanabe2021certifying}. That work addresses synthesized programs and their specifications. We instead certify a finite relation produced by a fixed deterministic generator across its input schema. A synthesis system could, in principle, produce our evidence format, but no synthesis procedure or learned generator is used in this evaluation.","Read as a specific contextual attribution, not keyword validation",https://iris-project.org/pdfs/2021-icfp-certisuslik.pdf
denney2008verifiers,33,705,"\begin{table}[t] \caption{Nearest comparisons by checked object. Differences describe the cited formulations, not impossibility limits on extending them.} \label{tab:nearest} \centering \begin{tabular}{L{.23\textwidth}L{.33\textwidth}L{.34\textwidth}} \toprule Line of work & Principal evidence object & Relation to this contract \\ \midrule Customized generated-code verification~\cite{denney2008verifiers} & Generator-aware annotations and source-code verification conditions & Shares generator knowledge; checks a different source-level safety object \\ Verification witnesses~\cite{beyer2022witnesses} & Exchangeable correctness or violation witnesses for a verification task & Shares independent validation; our input regions and exact declarations specialize the checked relation \\ Certifying computations~\cite{alkassar2014framework} & Witness relation plus verified checker and mathematical facts & Provides the general discipline; our Python checker is not mechanically verified \\ Translation validation~\cite{necula2000validation} & A source--target relation for a particular compiler transformation & Shares per-result checking; our event evidence does not prove arbitrary target semantics \\ Provenance models~\cite{moreau2011opm} & Derivation, activity and dependency relations & Broader history; our exact emitter is one immediate relation \\ \bottomrule \end{tabular} \end{table}","Read as a specific contextual attribution, not keyword validation",https://ntrs.nasa.gov/citations/20100036452
beyer2022witnesses,34,706,"\begin{table}[t] \caption{Nearest comparisons by checked object. Differences describe the cited formulations, not impossibility limits on extending them.} \label{tab:nearest} \centering \begin{tabular}{L{.23\textwidth}L{.33\textwidth}L{.34\textwidth}} \toprule Line of work & Principal evidence object & Relation to this contract \\ \midrule Customized generated-code verification~\cite{denney2008verifiers} & Generator-aware annotations and source-code verification conditions & Shares generator knowledge; checks a different source-level safety object \\ Verification witnesses~\cite{beyer2022witnesses} & Exchangeable correctness or violation witnesses for a verification task & Shares independent validation; our input regions and exact declarations specialize the checked relation \\ Certifying computations~\cite{alkassar2014framework} & Witness relation plus verified checker and mathematical facts & Provides the general discipline; our Python checker is not mechanically verified \\ Translation validation~\cite{necula2000validation} & A source--target relation for a particular compiler transformation & Shares per-result checking; our event evidence does not prove arbitrary target semantics \\ Provenance models~\cite{moreau2011opm} & Derivation, activity and dependency relations & Broader history; our exact emitter is one immediate relation \\ \bottomrule \end{tabular} \end{table}","Read as a specific contextual attribution, not keyword validation",https://www.sosy-lab.org/research/pub/2022-TOSEM.Verification_Witnesses.pdf
alkassar2014framework,35,707,"\begin{table}[t] \caption{Nearest comparisons by checked object. Differences describe the cited formulations, not impossibility limits on extending them.} \label{tab:nearest} \centering \begin{tabular}{L{.23\textwidth}L{.33\textwidth}L{.34\textwidth}} \toprule Line of work & Principal evidence object & Relation to this contract \\ \midrule Customized generated-code verification~\cite{denney2008verifiers} & Generator-aware annotations and source-code verification conditions & Shares generator knowledge; checks a different source-level safety object \\ Verification witnesses~\cite{beyer2022witnesses} & Exchangeable correctness or violation witnesses for a verification task & Shares independent validation; our input regions and exact declarations specialize the checked relation \\ Certifying computations~\cite{alkassar2014framework} & Witness relation plus verified checker and mathematical facts & Provides the general discipline; our Python checker is not mechanically verified \\ Translation validation~\cite{necula2000validation} & A source--target relation for a particular compiler transformation & Shares per-result checking; our event evidence does not prove arbitrary target semantics \\ Provenance models~\cite{moreau2011opm} & Derivation, activity and dependency relations & Broader history; our exact emitter is one immediate relation \\ \bottomrule \end{tabular} \end{table}","Read as a specific contextual attribution, not keyword validation",https://arxiv.org/abs/1301.7462
necula2000validation,36,708,"\begin{table}[t] \caption{Nearest comparisons by checked object. Differences describe the cited formulations, not impossibility limits on extending them.} \label{tab:nearest} \centering \begin{tabular}{L{.23\textwidth}L{.33\textwidth}L{.34\textwidth}} \toprule Line of work & Principal evidence object & Relation to this contract \\ \midrule Customized generated-code verification~\cite{denney2008verifiers} & Generator-aware annotations and source-code verification conditions & Shares generator knowledge; checks a different source-level safety object \\ Verification witnesses~\cite{beyer2022witnesses} & Exchangeable correctness or violation witnesses for a verification task & Shares independent validation; our input regions and exact declarations specialize the checked relation \\ Certifying computations~\cite{alkassar2014framework} & Witness relation plus verified checker and mathematical facts & Provides the general discipline; our Python checker is not mechanically verified \\ Translation validation~\cite{necula2000validation} & A source--target relation for a particular compiler transformation & Shares per-result checking; our event evidence does not prove arbitrary target semantics \\ Provenance models~\cite{moreau2011opm} & Derivation, activity and dependency relations & Broader history; our exact emitter is one immediate relation \\ \bottomrule \end{tabular} \end{table}","Read as a specific contextual attribution, not keyword validation",https://doi.org/10.1145/349299.349314
moreau2011opm,37,709,"\begin{table}[t] \caption{Nearest comparisons by checked object. Differences describe the cited formulations, not impossibility limits on extending them.} \label{tab:nearest} \centering \begin{tabular}{L{.23\textwidth}L{.33\textwidth}L{.34\textwidth}} \toprule Line of work & Principal evidence object & Relation to this contract \\ \midrule Customized generated-code verification~\cite{denney2008verifiers} & Generator-aware annotations and source-code verification conditions & Shares generator knowledge; checks a different source-level safety object \\ Verification witnesses~\cite{beyer2022witnesses} & Exchangeable correctness or violation witnesses for a verification task & Shares independent validation; our input regions and exact declarations specialize the checked relation \\ Certifying computations~\cite{alkassar2014framework} & Witness relation plus verified checker and mathematical facts & Provides the general discipline; our Python checker is not mechanically verified \\ Translation validation~\cite{necula2000validation} & A source--target relation for a particular compiler transformation & Shares per-result checking; our event evidence does not prove arbitrary target semantics \\ Provenance models~\cite{moreau2011opm} & Derivation, activity and dependency relations & Broader history; our exact emitter is one immediate relation \\ \bottomrule \end{tabular} \end{table}","Read as a specific contextual attribution, not keyword validation",https://doi.org/10.1016/j.future.2010.07.005
beyer2022witnesses,38,715,"\subsection{Verification witnesses and certifying computations} Verification Witnesses formalizes exchangeable evidence for correctness and violation results~\cite{beyer2022witnesses}. Witnesses can constrain control flow and carry invariants, and their validation is independent of the original analysis. Software Verification Witnesses 2.0 develops the exchange format and its practical validation concerns further~\cite{ayaziova2024witnesses}. These works already address a producer/validator split and can express rich source-level information. Our claim is not that their formats inherently cannot encode origins. It is that the present contract makes finite input coverage, immediate emitter equality, and exact triggered declarations explicit obligations of one generator relation.","Read as a specific contextual attribution, not keyword validation",https://www.sosy-lab.org/research/pub/2022-TOSEM.Verification_Witnesses.pdf
ayaziova2024witnesses,39,715,"\subsection{Verification witnesses and certifying computations} Verification Witnesses formalizes exchangeable evidence for correctness and violation results~\cite{beyer2022witnesses}. Witnesses can constrain control flow and carry invariants, and their validation is independent of the original analysis. Software Verification Witnesses 2.0 develops the exchange format and its practical validation concerns further~\cite{ayaziova2024witnesses}. These works already address a producer/validator split and can express rich source-level information. Our claim is not that their formats inherently cannot encode origins. It is that the present contract makes finite input coverage, immediate emitter equality, and exact triggered declarations explicit obligations of one generator relation.","Read as a specific contextual attribution, not keyword validation",https://www.sosy-lab.org/research/pub/2024-SPIN.Software_Verification_Witnesses_2.0.pdf
namjoshi2001certifying,40,717,"Certifying model checkers return evidence supporting model-checking results~\cite{namjoshi2001certifying}; the certifying-algorithms literature studies the more general input, output, and witness relation~\cite{mcconnell2011certifying}. Our positive cells and least negative input instantiate that discipline. The extra region argument is needed because the checker accepts a cell as evidence for multiple inputs. The checker cannot rely on the producer's assertion that those inputs behave alike.","Read as a specific contextual attribution, not keyword validation",
mcconnell2011certifying,41,717,"Certifying model checkers return evidence supporting model-checking results~\cite{namjoshi2001certifying}; the certifying-algorithms literature studies the more general input, output, and witness relation~\cite{mcconnell2011certifying}. Our positive cells and least negative input instantiate that discipline. The extra region argument is needed because the checker accepts a cell as evidence for multiple inputs. The checker cannot rely on the producer's assertion that those inputs behave alike.","Read as a specific contextual attribution, not keyword validation",https://www.cs.colostate.edu/~rmm/cert11.pdf
alkassar2014framework,42,719,"Mechanically verified checkers make a stronger implementation claim than a separately written checker. The verified-computation frameworks of Alkassar et al.~\cite{alkassar2014framework} and Noschinski et al.~\cite{noschinski2014autocorres} therefore identify a remaining trust boundary, not an accomplishment to be attributed to our tests. The contribution here is a domain-specific relation and its algorithms, supported by hand proofs and executable validation.","Read as a specific contextual attribution, not keyword validation",https://arxiv.org/abs/1301.7462
noschinski2014autocorres,43,719,"Mechanically verified checkers make a stronger implementation claim than a separately written checker. The verified-computation frameworks of Alkassar et al.~\cite{alkassar2014framework} and Noschinski et al.~\cite{noschinski2014autocorres} therefore identify a remaining trust boundary, not an accomplishment to be attributed to our tests. The contribution here is a domain-specific relation and its algorithms, supported by hand proofs and executable validation.","Read as a specific contextual attribution, not keyword validation",https://people.eng.unimelb.edu.au/rizkallahc/publications/AutoCorresVerification.pdf
pnueli1998translation,44,722,\subsection{Translation validation and compiler assurance} Translation validation checks each compiler transformation rather than relying only on a proof of the compiler as a whole~\cite{pnueli1998translation}. Necula's optimizing-compiler work develops that approach for concrete transformations~\cite{necula2000validation}. Verified validators for lazy code motion~\cite{tristan2009lazy} and software pipelining~\cite{tristan2010pipelining} show that the validator itself can receive a formal correctness argument. Alive2 performs bounded translation validation for LLVM~\cite{lopes2021alive}. Their source and target semantics are different from our literal event language.,"Read as a specific contextual attribution, not keyword validation",
necula2000validation,45,722,\subsection{Translation validation and compiler assurance} Translation validation checks each compiler transformation rather than relying only on a proof of the compiler as a whole~\cite{pnueli1998translation}. Necula's optimizing-compiler work develops that approach for concrete transformations~\cite{necula2000validation}. Verified validators for lazy code motion~\cite{tristan2009lazy} and software pipelining~\cite{tristan2010pipelining} show that the validator itself can receive a formal correctness argument. Alive2 performs bounded translation validation for LLVM~\cite{lopes2021alive}. Their source and target semantics are different from our literal event language.,"Read as a specific contextual attribution, not keyword validation",https://doi.org/10.1145/349299.349314
tristan2009lazy,46,722,\subsection{Translation validation and compiler assurance} Translation validation checks each compiler transformation rather than relying only on a proof of the compiler as a whole~\cite{pnueli1998translation}. Necula's optimizing-compiler work develops that approach for concrete transformations~\cite{necula2000validation}. Verified validators for lazy code motion~\cite{tristan2009lazy} and software pipelining~\cite{tristan2010pipelining} show that the validator itself can receive a formal correctness argument. Alive2 performs bounded translation validation for LLVM~\cite{lopes2021alive}. Their source and target semantics are different from our literal event language.,"Read as a specific contextual attribution, not keyword validation",https://jtristan.github.io/papers/pldi09.pdf
tristan2010pipelining,47,722,\subsection{Translation validation and compiler assurance} Translation validation checks each compiler transformation rather than relying only on a proof of the compiler as a whole~\cite{pnueli1998translation}. Necula's optimizing-compiler work develops that approach for concrete transformations~\cite{necula2000validation}. Verified validators for lazy code motion~\cite{tristan2009lazy} and software pipelining~\cite{tristan2010pipelining} show that the validator itself can receive a formal correctness argument. Alive2 performs bounded translation validation for LLVM~\cite{lopes2021alive}. Their source and target semantics are different from our literal event language.,"Read as a specific contextual attribution, not keyword validation",https://jtristan.github.io/papers/popl10.pdf
lopes2021alive,48,722,\subsection{Translation validation and compiler assurance} Translation validation checks each compiler transformation rather than relying only on a proof of the compiler as a whole~\cite{pnueli1998translation}. Necula's optimizing-compiler work develops that approach for concrete transformations~\cite{necula2000validation}. Verified validators for lazy code motion~\cite{tristan2009lazy} and software pipelining~\cite{tristan2010pipelining} show that the validator itself can receive a formal correctness argument. Alive2 performs bounded translation validation for LLVM~\cite{lopes2021alive}. Their source and target semantics are different from our literal event language.,"Read as a specific contextual attribution, not keyword validation",https://users.cs.utah.edu/~regehr/alive2-pldi21.pdf
yang2011csmith,49,726,"Compiler testing provides complementary evidence. Csmith generates programs to find compiler defects~\cite{yang2011csmith}, while equivalence-modulo-inputs testing constructs related programs to expose inconsistent compilation behavior~\cite{le2014emi}. Our node-renaming and object-order transformations test representation invariance of the checker, not equivalence of generated application programs under compiler optimization. Boussaa et al. apply metamorphic testing to inconsistencies among code-generator families~\cite{boussaa2020metamorphic}; their family-level comparison is closer in application area, while our controlled transformations target the certificate relation.","Read as a specific contextual attribution, not keyword validation",
le2014emi,50,726,"Compiler testing provides complementary evidence. Csmith generates programs to find compiler defects~\cite{yang2011csmith}, while equivalence-modulo-inputs testing constructs related programs to expose inconsistent compilation behavior~\cite{le2014emi}. Our node-renaming and object-order transformations test representation invariance of the checker, not equivalence of generated application programs under compiler optimization. Boussaa et al. apply metamorphic testing to inconsistencies among code-generator families~\cite{boussaa2020metamorphic}; their family-level comparison is closer in application area, while our controlled transformations target the certificate relation.","Read as a specific contextual attribution, not keyword validation",
boussaa2020metamorphic,51,726,"Compiler testing provides complementary evidence. Csmith generates programs to find compiler defects~\cite{yang2011csmith}, while equivalence-modulo-inputs testing constructs related programs to expose inconsistent compilation behavior~\cite{le2014emi}. Our node-renaming and object-order transformations test representation invariance of the checker, not equivalence of generated application programs under compiler optimization. Boussaa et al. apply metamorphic testing to inconsistencies among code-generator families~\cite{boussaa2020metamorphic}; their family-level comparison is closer in application area, while our controlled transformations target the certificate relation.","Read as a specific contextual attribution, not keyword validation",https://inria.hal.science/hal-02422437/document
cheney2009databases,52,729,"\subsection{Provenance and traceability} Database provenance distinguishes why an output exists, where its values came from, and how contributors combine~\cite{cheney2009databases}. Provenance traces record derivational execution structure~\cite{cheney2008traces}. These are richer causal explanations than a single emitter identifier. The Open Provenance Model~\cite{moreau2011opm} and PROV-DM~\cite{prov2013model} provide vocabularies for entities, activities, and derivations. None should be reduced to an unchecked source-location string merely to make the present contract appear stronger.","Read as a specific contextual attribution, not keyword validation",https://doi.org/10.1561/1900000006
cheney2008traces,53,729,"\subsection{Provenance and traceability} Database provenance distinguishes why an output exists, where its values came from, and how contributors combine~\cite{cheney2009databases}. Provenance traces record derivational execution structure~\cite{cheney2008traces}. These are richer causal explanations than a single emitter identifier. The Open Provenance Model~\cite{moreau2011opm} and PROV-DM~\cite{prov2013model} provide vocabularies for entities, activities, and derivations. None should be reduced to an unchecked source-location string merely to make the present contract appear stronger.","Read as a specific contextual attribution, not keyword validation",https://arxiv.org/html/0812.0564v1
moreau2011opm,54,729,"\subsection{Provenance and traceability} Database provenance distinguishes why an output exists, where its values came from, and how contributors combine~\cite{cheney2009databases}. Provenance traces record derivational execution structure~\cite{cheney2008traces}. These are richer causal explanations than a single emitter identifier. The Open Provenance Model~\cite{moreau2011opm} and PROV-DM~\cite{prov2013model} provide vocabularies for entities, activities, and derivations. None should be reduced to an unchecked source-location string merely to make the present contract appear stronger.","Read as a specific contextual attribution, not keyword validation",https://doi.org/10.1016/j.future.2010.07.005
prov2013model,55,729,"\subsection{Provenance and traceability} Database provenance distinguishes why an output exists, where its values came from, and how contributors combine~\cite{cheney2009databases}. Provenance traces record derivational execution structure~\cite{cheney2008traces}. These are richer causal explanations than a single emitter identifier. The Open Provenance Model~\cite{moreau2011opm} and PROV-DM~\cite{prov2013model} provide vocabularies for entities, activities, and derivations. None should be reduced to an unchecked source-location string merely to make the present contract appear stronger.","Read as a specific contextual attribution, not keyword validation",https://www.w3.org/TR/prov-dm/
torresarias2019intoto,56,731,"Our design instead chooses an immediate relation that can be reconstructed exactly from a small deterministic generator. It combines that relation with finite-domain coverage and explicit requirement discharge. The meaning of ``origin complete'' is complete for this chosen emitter/occurrence relation, not complete for all causal influences on the generated program. Software-supply-chain provenance is another distinct level: in-toto authenticates the steps and artifacts in a supply chain~\cite{torresarias2019intoto}. Our subject binding is equality of supplied data, not an authenticated assertion about who built or deployed it.","Read as a specific contextual attribution, not keyword validation",
godefroid2005dart,57,734,"\subsection{Testing, monitoring, and generated-code security} Symbolic and concolic testing systems seek useful executions of general programs. DART combines directed and random testing~\cite{godefroid2005dart}; CUTE supplies concolic unit testing for C~\cite{sen2005cute}; KLEE generates tests through symbolic execution~\cite{cadar2008klee}. Bounded model checking encodes bounded behaviors for checking~\cite{biere1999bmc}, and tools such as EvoSuite automate test-suite construction~\cite{fraser2011evosuite}. These methods motivate strong operational controls, but their existence does not imply that an operation-only observation contains origin and declaration information.","Read as a specific contextual attribution, not keyword validation",https://patricegodefroid.github.io/public_psfiles/pldi2005.pdf
sen2005cute,58,734,"\subsection{Testing, monitoring, and generated-code security} Symbolic and concolic testing systems seek useful executions of general programs. DART combines directed and random testing~\cite{godefroid2005dart}; CUTE supplies concolic unit testing for C~\cite{sen2005cute}; KLEE generates tests through symbolic execution~\cite{cadar2008klee}. Bounded model checking encodes bounded behaviors for checking~\cite{biere1999bmc}, and tools such as EvoSuite automate test-suite construction~\cite{fraser2011evosuite}. These methods motivate strong operational controls, but their existence does not imply that an operation-only observation contains origin and declaration information.","Read as a specific contextual attribution, not keyword validation",https://doi.org/10.1145/1081706.1081750
cadar2008klee,59,734,"\subsection{Testing, monitoring, and generated-code security} Symbolic and concolic testing systems seek useful executions of general programs. DART combines directed and random testing~\cite{godefroid2005dart}; CUTE supplies concolic unit testing for C~\cite{sen2005cute}; KLEE generates tests through symbolic execution~\cite{cadar2008klee}. Bounded model checking encodes bounded behaviors for checking~\cite{biere1999bmc}, and tools such as EvoSuite automate test-suite construction~\cite{fraser2011evosuite}. These methods motivate strong operational controls, but their existence does not imply that an operation-only observation contains origin and declaration information.","Read as a specific contextual attribution, not keyword validation",
biere1999bmc,60,734,"\subsection{Testing, monitoring, and generated-code security} Symbolic and concolic testing systems seek useful executions of general programs. DART combines directed and random testing~\cite{godefroid2005dart}; CUTE supplies concolic unit testing for C~\cite{sen2005cute}; KLEE generates tests through symbolic execution~\cite{cadar2008klee}. Bounded model checking encodes bounded behaviors for checking~\cite{biere1999bmc}, and tools such as EvoSuite automate test-suite construction~\cite{fraser2011evosuite}. These methods motivate strong operational controls, but their existence does not imply that an operation-only observation contains origin and declaration information.","Read as a specific contextual attribution, not keyword validation",
fraser2011evosuite,61,734,"\subsection{Testing, monitoring, and generated-code security} Symbolic and concolic testing systems seek useful executions of general programs. DART combines directed and random testing~\cite{godefroid2005dart}; CUTE supplies concolic unit testing for C~\cite{sen2005cute}; KLEE generates tests through symbolic execution~\cite{cadar2008klee}. Bounded model checking encodes bounded behaviors for checking~\cite{biere1999bmc}, and tools such as EvoSuite automate test-suite construction~\cite{fraser2011evosuite}. These methods motivate strong operational controls, but their existence does not imply that an operation-only observation contains origin and declaration information.","Read as a specific contextual attribution, not keyword validation",
alpern1985liveness,62,736,"Our monitor recognizes finite violations under an explicit state machine. The distinction between a safety violation and an eventuality is established in work on safety and liveness~\cite{alpern1985liveness}. Enforcement mechanisms impose additional requirements on how events can be stopped or modified~\cite{schneider2000enforceable}. We use a deterministic diagnostic fold, not a deployed enforcement monitor, and do not infer liveness or real execution prevention from its records.","Read as a specific contextual attribution, not keyword validation",https://doi.org/10.1016/0020-0190(85)90056-0
schneider2000enforceable,63,736,"Our monitor recognizes finite violations under an explicit state machine. The distinction between a safety violation and an eventuality is established in work on safety and liveness~\cite{alpern1985liveness}. Enforcement mechanisms impose additional requirements on how events can be stopped or modified~\cite{schneider2000enforceable}. We use a deterministic diagnostic fold, not a deployed enforcement monitor, and do not infer liveness or real execution prevention from its records.","Read as a specific contextual attribution, not keyword validation",
pearce2022asleep,64,738,Empirical studies of generated code motivate the safety side of the problem. Pearce et al. examine weaknesses in code contributions from an assistant~\cite{pearce2022asleep}; Perry et al. study security outcomes when participants use an assistant~\cite{perry2023assistants}; Zhao et al. organize generated-code security through CWE categories~\cite{zhao2025cwe}. We use these only as evidence that output security is a substantive question. The present experiment neither reproduces their model evaluations nor adds participant data.,"Read as a specific contextual attribution, not keyword validation",
perry2023assistants,65,738,Empirical studies of generated code motivate the safety side of the problem. Pearce et al. examine weaknesses in code contributions from an assistant~\cite{pearce2022asleep}; Perry et al. study security outcomes when participants use an assistant~\cite{perry2023assistants}; Zhao et al. organize generated-code security through CWE categories~\cite{zhao2025cwe}. We use these only as evidence that output security is a substantive question. The present experiment neither reproduces their model evaluations nor adds participant data.,"Read as a specific contextual attribution, not keyword validation",
zhao2025cwe,66,738,Empirical studies of generated code motivate the safety side of the problem. Pearce et al. examine weaknesses in code contributions from an assistant~\cite{pearce2022asleep}; Perry et al. study security outcomes when participants use an assistant~\cite{perry2023assistants}; Zhao et al. organize generated-code security through CWE categories~\cite{zhao2025cwe}. We use these only as evidence that output security is a substantive question. The present experiment neither reproduces their model evaluations nor adds participant data.,"Read as a specific contextual attribution, not keyword validation",https://www.computer.org/csdl/journal/ts/2025/12/11197590/2aG1tvzTeec
he2023sven,67,740,"Security hardening~\cite{he2023sven}, instruction tuning~\cite{he2024instruction}, and demonstration-based generation~\cite{zhang2024seccoder} alter particular code-generation procedures. Work revisiting secure-generation evaluation warns that the evaluation design itself matters~\cite{dai2026rethinking}. Our contract does not compare generation quality or estimate a model's weakness rate. Once a bounded deterministic generator and catalogue are supplied, it asks whether the resulting relational evidence is correct over every declared input. That is a different engineering object from the distribution of outputs of a language model.","Read as a specific contextual attribution, not keyword validation",
he2024instruction,68,740,"Security hardening~\cite{he2023sven}, instruction tuning~\cite{he2024instruction}, and demonstration-based generation~\cite{zhang2024seccoder} alter particular code-generation procedures. Work revisiting secure-generation evaluation warns that the evaluation design itself matters~\cite{dai2026rethinking}. Our contract does not compare generation quality or estimate a model's weakness rate. Once a bounded deterministic generator and catalogue are supplied, it asks whether the resulting relational evidence is correct over every declared input. That is a different engineering object from the distribution of outputs of a language model.","Read as a specific contextual attribution, not keyword validation",
zhang2024seccoder,69,740,"Security hardening~\cite{he2023sven}, instruction tuning~\cite{he2024instruction}, and demonstration-based generation~\cite{zhang2024seccoder} alter particular code-generation procedures. Work revisiting secure-generation evaluation warns that the evaluation design itself matters~\cite{dai2026rethinking}. Our contract does not compare generation quality or estimate a model's weakness rate. Once a bounded deterministic generator and catalogue are supplied, it asks whether the resulting relational evidence is correct over every declared input. That is a different engineering object from the distribution of outputs of a language model.","Read as a specific contextual attribution, not keyword validation",
dai2026rethinking,70,740,"Security hardening~\cite{he2023sven}, instruction tuning~\cite{he2024instruction}, and demonstration-based generation~\cite{zhang2024seccoder} alter particular code-generation procedures. Work revisiting secure-generation evaluation warns that the evaluation design itself matters~\cite{dai2026rethinking}. Our contract does not compare generation quality or estimate a model's weakness rate. Once a bounded deterministic generator and catalogue are supplied, it asks whether the resulting relational evidence is correct over every declared input. That is a different engineering object from the distribution of outputs of a language model.","Read as a specific contextual attribution, not keyword validation",https://arxiv.org/html/2503.15554v2
