key,title,year,locator,primary_source,evidence_level,notes,read_scope,citation_occurrences
zhao2025cwe,Towards Secure Code Generation With LLMs: A Study on Common Weakness Enumeration,2025,https://doi.org/10.1109/TSE.2025.3619281,https://www.computer.org/csdl/journal/ts/2025/12/11197590/2aG1tvzTeec,bibliographic record and/or abstract; not a complete full-text review,"Publisher metadata and public scope were accessible; substantive full text was not retrieved. Used only as generated-code/CWE empirical context, not to assert an exhaustive absence of traceability techniques.",Identity and claim support are separate; no claim that every DOI endpoint was reachable.,1
dai2026rethinking,Rethinking the Evaluation of Secure Code Generation,2026,https://doi.org/10.1145/3744916.3773217,https://arxiv.org/html/2503.15554v2,targeted manuscript passages; not a complete full-text review,Uses the work only for the specific method or conceptual role described in the citation context. No imported empirical result is attributed.,Identity and claim support are separate; no claim that every DOI endpoint was reachable.,1
pearce2022asleep,Asleep at the Keyboard? Assessing the Security of GitHub Copilot's Code Contributions,2022,https://doi.org/10.1109/SP46214.2022.9833571,https://doi.org/10.1109/SP46214.2022.9833571,retained bibliographic entry and established method attribution; no new full-text review claimed,Uses the work only for the specific method or conceptual role described in the citation context. No imported empirical result is attributed.,Identity and claim support are separate; no claim that every DOI endpoint was reachable.,1
he2023sven,Large Language Models for Code: Security Hardening and Adversarial Testing,2023,https://doi.org/10.1145/3576915.3623175,https://doi.org/10.1145/3576915.3623175,retained bibliographic entry and established method attribution; no new full-text review claimed,Uses the work only for the specific method or conceptual role described in the citation context. No imported empirical result is attributed.,Identity and claim support are separate; no claim that every DOI endpoint was reachable.,1
perry2023assistants,Do Users Write More Insecure Code with AI Assistants?,2023,https://doi.org/10.1145/3576915.3623157,https://doi.org/10.1145/3576915.3623157,retained bibliographic entry and established method attribution; no new full-text review claimed,Uses the work only for the specific method or conceptual role described in the citation context. No imported empirical result is attributed.,Identity and claim support are separate; no claim that every DOI endpoint was reachable.,1
he2024instruction,Instruction Tuning for Secure Code Generation,2024,https://proceedings.mlr.press/v235/he24k.html,https://proceedings.mlr.press/v235/he24k.html,retained bibliographic entry and established method attribution; no new full-text review claimed,Uses the work only for the specific method or conceptual role described in the citation context. No imported empirical result is attributed.,Identity and claim support are separate; no claim that every DOI endpoint was reachable.,1
zhang2024seccoder,SecCoder: Towards Generalizable and Robust Secure Code Generation,2024,https://doi.org/10.18653/v1/2024.emnlp-main.806,https://doi.org/10.18653/v1/2024.emnlp-main.806,retained bibliographic entry and established method attribution; no new full-text review claimed,Uses the work only for the specific method or conceptual role described in the citation context. No imported empirical result is attributed.,Identity and claim support are separate; no claim that every DOI endpoint was reachable.,1
necula1997pcc,Proof-Carrying Code,1997,https://doi.org/10.1145/263699.263712,https://doi.org/10.1145/263699.263712,retained bibliographic entry and established method attribution; no new full-text review claimed,Uses the work only for the specific method or conceptual role described in the citation context. No imported empirical result is attributed.,Identity and claim support are separate; no claim that every DOI endpoint was reachable.,1
pnueli1998translation,Translation Validation,1998,https://doi.org/10.1007/BFb0054170,https://doi.org/10.1007/BFb0054170,retained bibliographic entry and established method attribution; no new full-text review claimed,Uses the work only for the specific method or conceptual role described in the citation context. No imported empirical result is attributed.,Identity and claim support are separate; no claim that every DOI endpoint was reachable.,1
leroy2009compcert,Formal Verification of a Realistic Compiler,2009,https://doi.org/10.1145/1538788.1538814,https://doi.org/10.1145/1538788.1538814,retained bibliographic entry and established method attribution; no new full-text review claimed,Uses the work only for the specific method or conceptual role described in the citation context. No imported empirical result is attributed.,Identity and claim support are separate; no claim that every DOI endpoint was reachable.,1
namjoshi2001certifying,Certifying Model Checkers,2001,https://doi.org/10.1007/3-540-44585-4_2,https://doi.org/10.1007/3-540-44585-4_2,retained bibliographic entry and established method attribution; no new full-text review claimed,Uses the work only for the specific method or conceptual role described in the citation context. No imported empirical result is attributed.,Identity and claim support are separate; no claim that every DOI endpoint was reachable.,1
schneider2000enforceable,Enforceable Security Policies,2000,https://doi.org/10.1145/353323.353382,https://doi.org/10.1145/353323.353382,retained bibliographic entry and established method attribution; no new full-text review claimed,Uses the work only for the specific method or conceptual role described in the citation context. No imported empirical result is attributed.,Identity and claim support are separate; no claim that every DOI endpoint was reachable.,1
cadar2008klee,KLEE: Unassisted and Automatic Generation of High-Coverage Tests for Complex Systems Programs,2008,https://www.usenix.org/conference/osdi-08/klee-unassisted-and-automatic-generation-high-coverage-tests-complex-systems,https://www.usenix.org/conference/osdi-08/klee-unassisted-and-automatic-generation-high-coverage-tests-complex-systems,retained bibliographic entry and established method attribution; no new full-text review claimed,Uses the work only for the specific method or conceptual role described in the citation context. No imported empirical result is attributed.,Identity and claim support are separate; no claim that every DOI endpoint was reachable.,1
biere1999bmc,Symbolic Model Checking without BDDs,1999,https://doi.org/10.1007/3-540-49059-0_14,https://doi.org/10.1007/3-540-49059-0_14,retained bibliographic entry and established method attribution; no new full-text review claimed,Uses the work only for the specific method or conceptual role described in the citation context. No imported empirical result is attributed.,Identity and claim support are separate; no claim that every DOI endpoint was reachable.,1
claessen2000quickcheck,QuickCheck: A Lightweight Tool for Random Testing of Haskell Programs,2000,https://doi.org/10.1145/351240.351266,https://doi.org/10.1145/351240.351266,retained bibliographic entry and established method attribution; no new full-text review claimed,Uses the work only for the specific method or conceptual role described in the citation context. No imported empirical result is attributed.,Identity and claim support are separate; no claim that every DOI endpoint was reachable.,1
runciman2008smallcheck,SmallCheck and Lazy SmallCheck: Automatic Exhaustive Testing for Small Values,2008,https://doi.org/10.1145/1411286.1411292,https://doi.org/10.1145/1411286.1411292,retained bibliographic entry and established method attribution; no new full-text review claimed,Uses the work only for the specific method or conceptual role described in the citation context. No imported empirical result is attributed.,Identity and claim support are separate; no claim that every DOI endpoint was reachable.,1
zeller2002simplifying,Simplifying and Isolating Failure-Inducing Input,2002,https://doi.org/10.1109/32.988498,https://doi.org/10.1109/32.988498,retained bibliographic entry and established method attribution; no new full-text review claimed,Uses the work only for the specific method or conceptual role described in the citation context. No imported empirical result is attributed.,Identity and claim support are separate; no claim that every DOI endpoint was reachable.,1
yang2011csmith,Finding and Understanding Bugs in C Compilers,2011,https://doi.org/10.1145/1993498.1993532,https://doi.org/10.1145/1993498.1993532,retained bibliographic entry and established method attribution; no new full-text review claimed,Uses the work only for the specific method or conceptual role described in the citation context. No imported empirical result is attributed.,Identity and claim support are separate; no claim that every DOI endpoint was reachable.,1
le2014emi,Compiler Validation via Equivalence Modulo Inputs,2014,https://doi.org/10.1145/2666356.2594334,https://doi.org/10.1145/2666356.2594334,retained bibliographic entry and established method attribution; no new full-text review claimed,Uses the work only for the specific method or conceptual role described in the citation context. No imported empirical result is attributed.,Identity and claim support are separate; no claim that every DOI endpoint was reachable.,1
fraser2011evosuite,EvoSuite: Automatic Test Suite Generation for Object-Oriented Software,2011,https://doi.org/10.1145/2025113.2025179,https://doi.org/10.1145/2025113.2025179,retained bibliographic entry and established method attribution; no new full-text review claimed,Uses the work only for the specific method or conceptual role described in the citation context. No imported empirical result is attributed.,Identity and claim support are separate; no claim that every DOI endpoint was reachable.,1
boussaa2020metamorphic,Leveraging Metamorphic Testing to Automatically Detect Inconsistencies in Code Generator Families,2020,https://doi.org/10.1002/stvr.1721,https://inria.hal.science/hal-02422437/document,bibliographic record and/or abstract; not a complete full-text review,Uses the work only for the specific method or conceptual role described in the citation context. No imported empirical result is attributed.,Identity and claim support are separate; no claim that every DOI endpoint was reachable.,1
watanabe2021certifying,Certifying the Synthesis of Heap-Manipulating Programs,2021,https://doi.org/10.1145/3473589,https://iris-project.org/pdfs/2021-icfp-certisuslik.pdf,targeted manuscript passages; not a complete full-text review,Uses the work only for the specific method or conceptual role described in the citation context. No imported empirical result is attributed.,Identity and claim support are separate; no claim that every DOI endpoint was reachable.,1
amani2016cogent,Cogent: Verifying High-Assurance File System Implementations,2016,https://doi.org/10.1145/2872362.2872404,https://doi.org/10.1145/2872362.2872404,retained bibliographic entry and established method attribution; no new full-text review claimed,Uses the work only for the specific method or conceptual role described in the citation context. No imported empirical result is attributed.,Identity and claim support are separate; no claim that every DOI endpoint was reachable.,1
aizenbud2006traceability,Model Traceability,2006,https://doi.org/10.1147/sj.453.0515,https://research.ibm.com/publications/model-traceability,bibliographic record and/or abstract; not a complete full-text review,"IBM author page spells Netta, while bibliographic indexing uses Neta; paper record commonly abbreviates N. The bibliography uses the published initial to avoid imposing a profile spelling.",Identity and claim support are separate; no claim that every DOI endpoint was reachable.,1
mitreCWE,Common Weakness Enumeration,2026,https://cwe.mitre.org/,https://cwe.mitre.org/,official standard/taxonomy record,Uses the work only for the specific method or conceptual role described in the citation context. No imported empirical result is attributed.,Identity and claim support are separate; no claim that every DOI endpoint was reachable.,1
schumann2003certification,Certification Support for Automatically Generated Programs,2003,https://doi.org/10.1109/HICSS.2003.1174914,https://ieeexplore.ieee.org/document/1174914/,bibliographic record and/or abstract; not a complete full-text review,Uses the work only for the specific method or conceptual role described in the citation context. No imported empirical result is attributed.,Identity and claim support are separate; no claim that every DOI endpoint was reachable.,1
denney2008verifiers,Generating Customized Verifiers for Automatically Generated Code,2008,https://doi.org/10.1145/1449913.1449926,https://ntrs.nasa.gov/citations/20100036452,bibliographic record and/or abstract; not a complete full-text review,"NASA primary abstract/record describes generator knowledge and customized verification, including concrete generation-tool context. Do not infer measured performance not consulted.",Identity and claim support are separate; no claim that every DOI endpoint was reachable.,2
beyer2022witnesses,Verification Witnesses,2022,https://doi.org/10.1145/3477579,https://www.sosy-lab.org/research/pub/2022-TOSEM.Verification_Witnesses.pdf,targeted manuscript passages; not a complete full-text review,Uses the work only for the specific method or conceptual role described in the citation context. No imported empirical result is attributed.,Identity and claim support are separate; no claim that every DOI endpoint was reachable.,2
torresarias2019intoto,in-toto: Providing Farm-to-Table Guarantees for Bits and Bytes,2019,https://www.usenix.org/conference/usenixsecurity19/presentation/torres-arias,https://www.usenix.org/conference/usenixsecurity19/presentation/torres-arias,retained bibliographic entry and established method attribution; no new full-text review claimed,Uses the work only for the specific method or conceptual role described in the citation context. No imported empirical result is attributed.,Identity and claim support are separate; no claim that every DOI endpoint was reachable.,1
mcconnell2011certifying,Certifying Algorithms,2011,https://doi.org/10.1016/j.cosrev.2010.09.009,https://www.cs.colostate.edu/~rmm/cert11.pdf,targeted manuscript passages; not a complete full-text review,Targeted introduction and certification/checker discussion read from an author-hosted preprint; final bibliographic identity is 2011 Computer Science Review.,Identity and claim support are separate; no claim that every DOI endpoint was reachable.,2
alkassar2014framework,A Framework for the Verification of Certifying Computations,2014,https://doi.org/10.1007/s10817-013-9289-2,https://arxiv.org/abs/1301.7462,targeted manuscript passages; not a complete full-text review,Targeted abstract/architecture from author manuscript; 2014 JAR publication metadata. Their mechanically verified implementation boundary is stronger than the present Python checker.,Identity and claim support are separate; no claim that every DOI endpoint was reachable.,3
gotel1994analysis,An Analysis of the Requirements Traceability Problem,1994,https://doi.org/10.1109/ICRE.1994.292398,https://discovery.ucl.ac.uk/749/1/2.2_rtprob.pdf,bibliographic record and/or abstract; not a complete full-text review,Uses the work only for the specific method or conceptual role described in the citation context. No imported empirical result is attributed.,Identity and claim support are separate; no claim that every DOI endpoint was reachable.,1
cleland2014traceability,Software Traceability: Trends and Future Directions,2014,https://doi.org/10.1145/2593882.2593891,https://doi.org/10.1145/2593882.2593891,bibliographic record and/or abstract; not a complete full-text review,Uses the work only for the specific method or conceptual role described in the citation context. No imported empirical result is attributed.,Identity and claim support are separate; no claim that every DOI endpoint was reachable.,1
barr2015oracle,The Oracle Problem in Software Testing: A Survey,2015,https://doi.org/10.1109/TSE.2014.2372785,https://doi.org/10.1109/TSE.2014.2372785,bibliographic record and/or abstract; not a complete full-text review,Uses the work only for the specific method or conceptual role described in the citation context. No imported empirical result is attributed.,Identity and claim support are separate; no claim that every DOI endpoint was reachable.,1
segura2016survey,A Survey on Metamorphic Testing,2016,https://doi.org/10.1109/TSE.2016.2532875,https://doi.org/10.1109/TSE.2016.2532875,bibliographic record and/or abstract; not a complete full-text review,Uses the work only for the specific method or conceptual role described in the citation context. No imported empirical result is attributed.,Identity and claim support are separate; no claim that every DOI endpoint was reachable.,1
jia2011mutation,An Analysis and Survey of the Development of Mutation Testing,2011,https://doi.org/10.1109/TSE.2010.62,https://doi.org/10.1109/TSE.2010.62,bibliographic record and/or abstract; not a complete full-text review,Uses the work only for the specific method or conceptual role described in the citation context. No imported empirical result is attributed.,Identity and claim support are separate; no claim that every DOI endpoint was reachable.,1
kalibera2013benchmarking,Rigorous Benchmarking in Reasonable Time,2013,https://doi.org/10.1145/2464157.2464160,https://kar.kent.ac.uk/33611/45/p63-kaliber.pdf,bibliographic record and/or abstract; not a complete full-text review,Uses the work only for the specific method or conceptual role described in the citation context. No imported empirical result is attributed.,Identity and claim support are separate; no claim that every DOI endpoint was reachable.,1
green2007semirings,Provenance Semirings,2007,https://doi.org/10.1145/1265530.1265535,https://doi.org/10.1145/1265530.1265535,bibliographic record and/or abstract; not a complete full-text review,Uses the work only for the specific method or conceptual role described in the citation context. No imported empirical result is attributed.,Identity and claim support are separate; no claim that every DOI endpoint was reachable.,1
cheney2009databases,"Provenance in Databases: Why, How, and Where",2009,https://doi.org/10.1561/1900000006,https://doi.org/10.1561/1900000006,bibliographic record and/or abstract; not a complete full-text review,Uses the work only for the specific method or conceptual role described in the citation context. No imported empirical result is attributed.,Identity and claim support are separate; no claim that every DOI endpoint was reachable.,1
moreau2011opm,The Open Provenance Model Core Specification (v1.1),2011,https://doi.org/10.1016/j.future.2010.07.005,https://doi.org/10.1016/j.future.2010.07.005,bibliographic record and/or abstract; not a complete full-text review,Uses the work only for the specific method or conceptual role described in the citation context. No imported empirical result is attributed.,Identity and claim support are separate; no claim that every DOI endpoint was reachable.,2
hoare1969axiomatic,An Axiomatic Basis for Computer Programming,1969,https://doi.org/10.1145/363235.363259,https://doi.org/10.1145/363235.363259,bibliographic record and/or abstract; not a complete full-text review,Uses the work only for the specific method or conceptual role described in the citation context. No imported empirical result is attributed.,Identity and claim support are separate; no claim that every DOI endpoint was reachable.,1
cousot1977abstract,Abstract Interpretation: A Unified Lattice Model for Static Analysis of Programs by Construction or Approximation of Fixpoints,1977,https://doi.org/10.1145/512950.512973,https://doi.org/10.1145/512950.512973,bibliographic record and/or abstract; not a complete full-text review,Uses the work only for the specific method or conceptual role described in the citation context. No imported empirical result is attributed.,Identity and claim support are separate; no claim that every DOI endpoint was reachable.,1
king1976symbolic,Symbolic Execution and Program Testing,1976,https://doi.org/10.1145/360248.360252,https://doi.org/10.1145/360248.360252,bibliographic record and/or abstract; not a complete full-text review,Uses the work only for the specific method or conceptual role described in the citation context. No imported empirical result is attributed.,Identity and claim support are separate; no claim that every DOI endpoint was reachable.,1
leucker2009runtime,A Brief Account of Runtime Verification,2009,https://doi.org/10.1016/j.jlap.2008.08.004,https://christian.schallhart.net/publications/2009--jlap--a-brief-account-of-runtime-verification.pdf,bibliographic record and/or abstract; not a complete full-text review,Uses the work only for the specific method or conceptual role described in the citation context. No imported empirical result is attributed.,Identity and claim support are separate; no claim that every DOI endpoint was reachable.,1
lopes2021alive,Alive2: Bounded Translation Validation for LLVM,2021,https://doi.org/10.1145/3453483.3454030,https://users.cs.utah.edu/~regehr/alive2-pldi21.pdf,bibliographic record and/or abstract; not a complete full-text review,Uses the work only for the specific method or conceptual role described in the citation context. No imported empirical result is attributed.,Identity and claim support are separate; no claim that every DOI endpoint was reachable.,1
kumar2014cakeml,CakeML: A Verified Implementation of ML,2014,https://doi.org/10.1145/2535838.2535841,https://cakeml.org/popl14.pdf,bibliographic record and/or abstract; not a complete full-text review,Uses the work only for the specific method or conceptual role described in the citation context. No imported empirical result is attributed.,Identity and claim support are separate; no claim that every DOI endpoint was reachable.,1
appel2001foundational,Foundational Proof-Carrying Code,2001,https://doi.org/10.1109/LICS.2001.932477,https://www.cs.princeton.edu/~appel/papers/fpcc.pdf,targeted manuscript passages; not a complete full-text review,Uses the work only for the specific method or conceptual role described in the citation context. No imported empirical result is attributed.,Identity and claim support are separate; no claim that every DOI endpoint was reachable.,1
necula2000validation,Translation Validation for an Optimizing Compiler,2000,https://doi.org/10.1145/349299.349314,https://doi.org/10.1145/349299.349314,bibliographic record and/or abstract; not a complete full-text review,Uses the work only for the specific method or conceptual role described in the citation context. No imported empirical result is attributed.,Identity and claim support are separate; no claim that every DOI endpoint was reachable.,2
ayaziova2024witnesses,Software Verification Witnesses 2.0,2024,https://doi.org/10.1007/978-3-031-66149-5_11,https://www.sosy-lab.org/research/pub/2024-SPIN.Software_Verification_Witnesses_2.0.pdf,targeted manuscript passages; not a complete full-text review,Uses the work only for the specific method or conceptual role described in the citation context. No imported empirical result is attributed.,Identity and claim support are separate; no claim that every DOI endpoint was reachable.,1
cadar2013three,Symbolic Execution for Software Testing: Three Decades Later,2013,https://doi.org/10.1145/2408776.2408795,https://doi.org/10.1145/2408776.2408795,bibliographic record and/or abstract; not a complete full-text review,Uses the work only for the specific method or conceptual role described in the citation context. No imported empirical result is attributed.,Identity and claim support are separate; no claim that every DOI endpoint was reachable.,1
baldoni2018survey,A Survey of Symbolic Execution Techniques,2018,https://doi.org/10.1145/3182657,https://arxiv.org/abs/1610.00502,bibliographic record and/or abstract; not a complete full-text review,Uses the work only for the specific method or conceptual role described in the citation context. No imported empirical result is attributed.,Identity and claim support are separate; no claim that every DOI endpoint was reachable.,1
godefroid2005dart,DART: Directed Automated Random Testing,2005,https://doi.org/10.1145/1065010.1065036,https://patricegodefroid.github.io/public_psfiles/pldi2005.pdf,bibliographic record and/or abstract; not a complete full-text review,Uses the work only for the specific method or conceptual role described in the citation context. No imported empirical result is attributed.,Identity and claim support are separate; no claim that every DOI endpoint was reachable.,1
sen2005cute,CUTE: A Concolic Unit Testing Engine for C,2005,https://doi.org/10.1145/1081706.1081750,https://doi.org/10.1145/1081706.1081750,bibliographic record and/or abstract; not a complete full-text review,Uses the work only for the specific method or conceptual role described in the citation context. No imported empirical result is attributed.,Identity and claim support are separate; no claim that every DOI endpoint was reachable.,1
buneman2001why,Why and Where: A Characterization of Data Provenance,2001,https://doi.org/10.1007/3-540-44503-X_20,https://homepages.inf.ed.ac.uk/opb/papers/ICDT2001.pdf,bibliographic record and/or abstract; not a complete full-text review,Uses the work only for the specific method or conceptual role described in the citation context. No imported empirical result is attributed.,Identity and claim support are separate; no claim that every DOI endpoint was reachable.,1
clarkson2010hyperproperties,Hyperproperties,2010,https://doi.org/10.3233/JCS-2009-0393,https://doi.org/10.3233/JCS-2009-0393,bibliographic record and/or abstract; not a complete full-text review,Uses the work only for the specific method or conceptual role described in the citation context. No imported empirical result is attributed.,Identity and claim support are separate; no claim that every DOI endpoint was reachable.,1
prov2013model,PROV-DM: The PROV Data Model,2013,https://www.w3.org/TR/prov-dm/,https://www.w3.org/TR/prov-dm/,official standard/taxonomy record,Formal W3C Recommendation; listed names are editors. Not treated as an empirical research study.,Identity and claim support are separate; no claim that every DOI endpoint was reachable.,1
denney2006annotations,A Generic Annotation Inference Algorithm for the Safety Certification of Automatically Generated Code,2006,https://doi.org/10.1145/1173706.1173725,https://eprints.soton.ac.uk/263485/,bibliographic record and/or abstract; not a complete full-text review,Uses the work only for the specific method or conceptual role described in the citation context. No imported empirical result is attributed.,Identity and claim support are separate; no claim that every DOI endpoint was reachable.,1
alpern1985liveness,Defining Liveness,1985,https://doi.org/10.1016/0020-0190(85)90056-0,https://doi.org/10.1016/0020-0190(85)90056-0,bibliographic record and/or abstract; not a complete full-text review,Uses the work only for the specific method or conceptual role described in the citation context. No imported empirical result is attributed.,Identity and claim support are separate; no claim that every DOI endpoint was reachable.,1
cheney2008traces,Provenance Traces,2008,https://arxiv.org/abs/0812.0564,https://arxiv.org/html/0812.0564v1,targeted manuscript passages; not a complete full-text review,"A research preprint (arXiv:0812.0564), explicitly labeled as such; no peer-reviewed publication status is claimed.",Identity and claim support are separate; no claim that every DOI endpoint was reachable.,1
tristan2009lazy,Verified Validation of Lazy Code Motion,2009,https://doi.org/10.1145/1542476.1542512,https://jtristan.github.io/papers/pldi09.pdf,bibliographic record and/or abstract; not a complete full-text review,Uses the work only for the specific method or conceptual role described in the citation context. No imported empirical result is attributed.,Identity and claim support are separate; no claim that every DOI endpoint was reachable.,1
tristan2010pipelining,"A Simple, Verified Validator for Software Pipelining",2010,https://doi.org/10.1145/1706299.1706311,https://jtristan.github.io/papers/popl10.pdf,bibliographic record and/or abstract; not a complete full-text review,Uses the work only for the specific method or conceptual role described in the citation context. No imported empirical result is attributed.,Identity and claim support are separate; no claim that every DOI endpoint was reachable.,1
noschinski2014autocorres,Verification of Certifying Computations through AutoCorres and Simpl,2014,https://doi.org/10.1007/978-3-319-06200-6_4,https://people.eng.unimelb.edu.au/rizkallahc/publications/AutoCorresVerification.pdf,bibliographic record and/or abstract; not a complete full-text review,Uses the work only for the specific method or conceptual role described in the citation context. No imported empirical result is attributed.,Identity and claim support are separate; no claim that every DOI endpoint was reachable.,2
wolff2026benchmark,Fuzzing: On Benchmarking Outcome as a Function of Benchmark Properties,2026,https://doi.org/10.1145/3732936,https://arxiv.org/html/2212.09519v2,targeted manuscript passages; not a complete full-text review,"Author source shows 2025 online publication and the author publication list identifies TOSEM 35(2), 2026. Bibliography uses the issue year. Used for benchmark-design variables, not an imported experiment.",Identity and claim support are separate; no claim that every DOI endpoint was reachable.,1
