claim_id,claim,scope,evidence,manuscript_surface,maturity,recheck
C1,Positive-certificate acceptance establishes exact disjoint Cartesian coverage.,Frozen schema and generator language,proofs.md Lemmas 1–2; checker/check.py; results/summary.json,See matching topic in journal manuscript,mathematical-proof-and-finite-tests,See retained tests and mathematical argument; not an independent external review
C2,Every accepted event names the exact emit-node occurrence reconstructed by checker traversal.,Node identifier plus full nested-repeat occurrence path,proofs.md Theorem 1; checker/check.py; results/cases/; tests/test_contract.py,See matching topic in journal manuscript,mathematical-proof-and-finite-tests,See retained tests and mathematical argument; not an independent external review
C3,Every accepted event declares exactly the catalogue obligations triggered by its ordinary fields.,Frozen event IR and ten-obligation evaluation catalogue,proofs.md Theorem 1; checker/check.py; results/cases/,See matching topic in journal manuscript,mathematical-proof-and-finite-tests,See retained tests and mathematical argument; not an independent external review
C4,"Triggered rules hold in the state before the event, with overwrite and propagation semantics reflected in replay.",Frozen deterministic monitor,proofs.md Definitions and Lemma 3; src/core.py; checker/check.py; tests/test_contract.py,See matching topic in journal manuscript,implemented-and-tested,See retained tests and mathematical argument; not an independent external review
C5,Every checked rejection contains a valid first-bad prefix and a structurally least rejecting input.,Frozen rank and finite schema,proofs.md Theorems 2–3; checker/check.py; results/cases/,See matching topic in journal manuscript,mathematical-proof-and-finite-tests,See retained tests and mathematical argument; not an independent external review
C6,Well-formed in-budget subjects terminate with a checker-acceptable certificate or least counterexample under the mathematical algorithms.,Frozen bounded language and checker contract,proofs.md Theorem 4; src/core.py; src/certify.py; checker/check.py,See matching topic in journal manuscript,mathematical-proof-and-tests,See retained tests and mathematical argument; not an independent external review
C7,Operation-only trace safety cannot determine exact origin or declaration coverage.,"Projection that erases origins, declarations, and occurrence evidence",proofs.md Proposition 1 and Corollary 1; results/ablation_summary.csv,See matching topic in journal manuscript,proved-and-realized-by-fixtures,See retained tests and mathematical argument; not an independent external review
C8,"Producer and checker events, emitter paths, rendered programs, monitor states, and violations agree on all 8,640 assignments.",Frozen 360-case corpus and two implementations,results/summary.json correctness block; src/evaluate.py,See matching topic in journal manuscript,measured,See retained tests and mathematical argument; not an independent external review
C9,"Checker classification is independent of construction labels, and all 360 produced records validate.",Frozen corpus,results/summary.json correctness block; results/case_results.csv,See matching topic in journal manuscript,measured,See retained tests and mathematical argument; not an independent external review
C10,Three mechanism-specific source-to-sink oracles agree with the generic checker on all 36 advisory cases.,"Selected Python factory, PHP literal, and TypeScript const transformations",src/historical_models.py; results/historical_anchor_summary.csv; tests/test_historical_anchors.py,See matching topic in journal manuscript,measured,See retained tests and mathematical argument; not an independent external review
C11,"The checker rejects all 1,440 deterministic record mutations.",Four encoded mutations per case,results/summary.json correctness block; src/evaluate.py,See matching topic in journal manuscript,measured,See retained tests and mathematical argument; not an independent external review
C12,"The corpus contains 324 controlled cases and 36 advisory abstractions, split into 180 accepted and 180 rejected cases.",Frozen retained corpus,data/cases/manifest.json; external_inputs/advisory_anchors.json; results/summary.json,See matching topic in journal manuscript,measured,See retained tests and mathematical argument; not an independent external review
C13,"The rejected cases comprise 108 semantic, 36 exact-coverage, and 36 exact-origin faults, with the documented subtypes.",Frozen fault taxonomy,data/cases/manifest.json; results/summary.json corpus block,See matching topic in journal manuscript,measured,See retained tests and mathematical argument; not an independent external review
C14,Exhaustive operation-safety replay finds all 108 semantic faults and none of the 72 traceability faults.,Frozen event semantics and corpus,results/baseline_summary.csv; results/ablation_summary.csv,See matching topic in journal manuscript,measured,See retained tests and mathematical argument; not an independent external review
C15,Each two-component ablation misses exactly the fault class represented by its removed component.,Frozen fault taxonomy,results/ablation_summary.csv,See matching topic in journal manuscript,measured,See retained tests and mathematical argument; not an independent external review
C16,Accepted certificates represent 24 assignments with a median four symbolic cells and a median assignment-to-cell ratio of 6.0; retained size statistics match the aggregate results.,Accepted retained cases,results/summary.json certificate block; results/case_results.csv; results/family_summary.csv,See matching topic in journal manuscript,measured,See retained tests and mathematical argument; not an independent external review
C17,Specified malformed JSON shapes/types and resource violations are rejected; this is not exhaustive validation of all adversarial inputs.,Frozen JSON grammar and resource bounds,src/core.py; src/certify.py; checker/check.py; tests/test_contract.py,See matching topic in journal manuscript,implemented-and-tested,See retained tests and mathematical argument; not an independent external review
C18,The complete retained scientific runner executed 51 tests with recorded evaluation/core/whole-workflow measurements.,Retained artifact and host only,results/test_results.json; results/tests.txt; results/reproduction.json; results/summary.json,See matching topic in journal manuscript,measured,See retained tests and mathematical argument; not an independent external review
C19,Observation-only exact decision is possible only when the contract is constant on observation fibers.,Mathematical subjects and observation functions,proofs.md observation criterion,Journal principles / evaluation,"Mathematical proof, elementary factorization",Retained run and proof argument
C20,Disjoint positive-cell refinement and permutation preserve validity under the same subject and budget.,Valid positive certificates,proofs.md principles; results/journal_validation.json,Journal principles / evaluation,Mathematical proof and 180-subject tests,Retained run and proof argument
C21,Admissible nonempty schema restriction preserves positive semantic validity; least diagnostics can change when domain order changes.,Restricted subject must remain well formed,proofs.md principles; tests/test_journal_principles.py; results/journal_validation.json,Journal principles / evaluation,Mathematical proof and directed tests,Retained run and proof argument
C22,An applicable fresh-ID duplicate catalogue rule makes old declarations incomplete even if its safety test is redundant.,Fresh identifier and at least one triggered event,proofs.md principles; results/journal_validation.json,Journal principles / evaluation,Mathematical proof and 180-subject tests,Retained run and proof argument
C23,Two structurally distinct reference codecs and paired syntax-only decoders recover the complete event records at all 17280 round trips; all 8640 source-form pairs differ.,"Reference codecs, not vendor systems; distinct surface grammars with shared event-field convention",results/backend_roundtrip.json; tests/test_reference_backends.py,Journal principles / evaluation,Measured,Retained run and proof argument
C24,Eight stress seeds cover 600 total trees and 7200 total inputs with agreement of compared views.,"Fixed mixed generator grammar, not industrial sample",results/differential_stress.json,Journal principles / evaluation,Measured,Retained run and proof argument
C25,Node alpha-renaming and JSON object-key permutation preserve verdicts for 720 transformed records.,Consistent renaming; ordered domain lists unchanged,results/metamorphic_suite.json,Journal principles / evaluation,Measured,Retained run and proof argument
C26,Four irrelevant-coordinate scaling points retain four cells and four symbolic leaves.,24 to 192 inputs; not general complexity or like-for-like speedup,results/scaling_study.json; results/scaling_study.csv,Journal principles / evaluation,Measured,Retained run and proof argument
