key,resource_name,url,primary_access_path,license_or_terms,access_date,resource_type,acquisition_method,integration_mode,supported_claim,internals_modified
zhao2025cwe,Towards Secure Code Generation With LLMs: A Study on Common Weakness Enumeration,https://doi.org/10.1109/TSE.2025.3619281,https://www.computer.org/csdl/journal/ts/2025/12/11197590/2aG1tvzTeec,Publisher/author/standard-provider terms; no third-party full text redistributed,2026-10-03,scholarly publication,bibliographic record and/or abstract; not a complete full-text review,Citation and conceptual comparison only,See reference-claim-context-audit.csv for exact manuscript context,no
dai2026rethinking,Rethinking the Evaluation of Secure Code Generation,https://doi.org/10.1145/3744916.3773217,https://arxiv.org/html/2503.15554v2,Publisher/author/standard-provider terms; no third-party full text redistributed,2026-10-03,scholarly publication,targeted manuscript passages; not a complete full-text review,Citation and conceptual comparison only,See reference-claim-context-audit.csv for exact manuscript context,no
pearce2022asleep,Asleep at the Keyboard? Assessing the Security of GitHub Copilot's Code Contributions,https://doi.org/10.1109/SP46214.2022.9833571,https://doi.org/10.1109/SP46214.2022.9833571,Publisher/author/standard-provider terms; no third-party full text redistributed,Retained source; no new full-text access asserted,scholarly publication,retained bibliographic entry and established method attribution; no new full-text review claimed,Citation and conceptual comparison only,See reference-claim-context-audit.csv for exact manuscript context,no
he2023sven,Large Language Models for Code: Security Hardening and Adversarial Testing,https://doi.org/10.1145/3576915.3623175,https://doi.org/10.1145/3576915.3623175,Publisher/author/standard-provider terms; no third-party full text redistributed,Retained source; no new full-text access asserted,scholarly publication,retained bibliographic entry and established method attribution; no new full-text review claimed,Citation and conceptual comparison only,See reference-claim-context-audit.csv for exact manuscript context,no
perry2023assistants,Do Users Write More Insecure Code with AI Assistants?,https://doi.org/10.1145/3576915.3623157,https://doi.org/10.1145/3576915.3623157,Publisher/author/standard-provider terms; no third-party full text redistributed,Retained source; no new full-text access asserted,scholarly publication,retained bibliographic entry and established method attribution; no new full-text review claimed,Citation and conceptual comparison only,See reference-claim-context-audit.csv for exact manuscript context,no
he2024instruction,Instruction Tuning for Secure Code Generation,https://proceedings.mlr.press/v235/he24k.html,https://proceedings.mlr.press/v235/he24k.html,Publisher/author/standard-provider terms; no third-party full text redistributed,Retained source; no new full-text access asserted,scholarly publication,retained bibliographic entry and established method attribution; no new full-text review claimed,Citation and conceptual comparison only,See reference-claim-context-audit.csv for exact manuscript context,no
zhang2024seccoder,SecCoder: Towards Generalizable and Robust Secure Code Generation,https://doi.org/10.18653/v1/2024.emnlp-main.806,https://doi.org/10.18653/v1/2024.emnlp-main.806,Publisher/author/standard-provider terms; no third-party full text redistributed,Retained source; no new full-text access asserted,scholarly publication,retained bibliographic entry and established method attribution; no new full-text review claimed,Citation and conceptual comparison only,See reference-claim-context-audit.csv for exact manuscript context,no
necula1997pcc,Proof-Carrying Code,https://doi.org/10.1145/263699.263712,https://doi.org/10.1145/263699.263712,Publisher/author/standard-provider terms; no third-party full text redistributed,Retained source; no new full-text access asserted,scholarly publication,retained bibliographic entry and established method attribution; no new full-text review claimed,Citation and conceptual comparison only,See reference-claim-context-audit.csv for exact manuscript context,no
pnueli1998translation,Translation Validation,https://doi.org/10.1007/BFb0054170,https://doi.org/10.1007/BFb0054170,Publisher/author/standard-provider terms; no third-party full text redistributed,Retained source; no new full-text access asserted,scholarly publication,retained bibliographic entry and established method attribution; no new full-text review claimed,Citation and conceptual comparison only,See reference-claim-context-audit.csv for exact manuscript context,no
leroy2009compcert,Formal Verification of a Realistic Compiler,https://doi.org/10.1145/1538788.1538814,https://doi.org/10.1145/1538788.1538814,Publisher/author/standard-provider terms; no third-party full text redistributed,Retained source; no new full-text access asserted,scholarly publication,retained bibliographic entry and established method attribution; no new full-text review claimed,Citation and conceptual comparison only,See reference-claim-context-audit.csv for exact manuscript context,no
namjoshi2001certifying,Certifying Model Checkers,https://doi.org/10.1007/3-540-44585-4_2,https://doi.org/10.1007/3-540-44585-4_2,Publisher/author/standard-provider terms; no third-party full text redistributed,Retained source; no new full-text access asserted,scholarly publication,retained bibliographic entry and established method attribution; no new full-text review claimed,Citation and conceptual comparison only,See reference-claim-context-audit.csv for exact manuscript context,no
schneider2000enforceable,Enforceable Security Policies,https://doi.org/10.1145/353323.353382,https://doi.org/10.1145/353323.353382,Publisher/author/standard-provider terms; no third-party full text redistributed,Retained source; no new full-text access asserted,scholarly publication,retained bibliographic entry and established method attribution; no new full-text review claimed,Citation and conceptual comparison only,See reference-claim-context-audit.csv for exact manuscript context,no
cadar2008klee,KLEE: Unassisted and Automatic Generation of High-Coverage Tests for Complex Systems Programs,https://www.usenix.org/conference/osdi-08/klee-unassisted-and-automatic-generation-high-coverage-tests-complex-systems,https://www.usenix.org/conference/osdi-08/klee-unassisted-and-automatic-generation-high-coverage-tests-complex-systems,Publisher/author/standard-provider terms; no third-party full text redistributed,Retained source; no new full-text access asserted,scholarly publication,retained bibliographic entry and established method attribution; no new full-text review claimed,Citation and conceptual comparison only,See reference-claim-context-audit.csv for exact manuscript context,no
biere1999bmc,Symbolic Model Checking without BDDs,https://doi.org/10.1007/3-540-49059-0_14,https://doi.org/10.1007/3-540-49059-0_14,Publisher/author/standard-provider terms; no third-party full text redistributed,Retained source; no new full-text access asserted,scholarly publication,retained bibliographic entry and established method attribution; no new full-text review claimed,Citation and conceptual comparison only,See reference-claim-context-audit.csv for exact manuscript context,no
claessen2000quickcheck,QuickCheck: A Lightweight Tool for Random Testing of Haskell Programs,https://doi.org/10.1145/351240.351266,https://doi.org/10.1145/351240.351266,Publisher/author/standard-provider terms; no third-party full text redistributed,Retained source; no new full-text access asserted,scholarly publication,retained bibliographic entry and established method attribution; no new full-text review claimed,Citation and conceptual comparison only,See reference-claim-context-audit.csv for exact manuscript context,no
runciman2008smallcheck,SmallCheck and Lazy SmallCheck: Automatic Exhaustive Testing for Small Values,https://doi.org/10.1145/1411286.1411292,https://doi.org/10.1145/1411286.1411292,Publisher/author/standard-provider terms; no third-party full text redistributed,Retained source; no new full-text access asserted,scholarly publication,retained bibliographic entry and established method attribution; no new full-text review claimed,Citation and conceptual comparison only,See reference-claim-context-audit.csv for exact manuscript context,no
zeller2002simplifying,Simplifying and Isolating Failure-Inducing Input,https://doi.org/10.1109/32.988498,https://doi.org/10.1109/32.988498,Publisher/author/standard-provider terms; no third-party full text redistributed,Retained source; no new full-text access asserted,scholarly publication,retained bibliographic entry and established method attribution; no new full-text review claimed,Citation and conceptual comparison only,See reference-claim-context-audit.csv for exact manuscript context,no
yang2011csmith,Finding and Understanding Bugs in C Compilers,https://doi.org/10.1145/1993498.1993532,https://doi.org/10.1145/1993498.1993532,Publisher/author/standard-provider terms; no third-party full text redistributed,Retained source; no new full-text access asserted,scholarly publication,retained bibliographic entry and established method attribution; no new full-text review claimed,Citation and conceptual comparison only,See reference-claim-context-audit.csv for exact manuscript context,no
le2014emi,Compiler Validation via Equivalence Modulo Inputs,https://doi.org/10.1145/2666356.2594334,https://doi.org/10.1145/2666356.2594334,Publisher/author/standard-provider terms; no third-party full text redistributed,Retained source; no new full-text access asserted,scholarly publication,retained bibliographic entry and established method attribution; no new full-text review claimed,Citation and conceptual comparison only,See reference-claim-context-audit.csv for exact manuscript context,no
fraser2011evosuite,EvoSuite: Automatic Test Suite Generation for Object-Oriented Software,https://doi.org/10.1145/2025113.2025179,https://doi.org/10.1145/2025113.2025179,Publisher/author/standard-provider terms; no third-party full text redistributed,Retained source; no new full-text access asserted,scholarly publication,retained bibliographic entry and established method attribution; no new full-text review claimed,Citation and conceptual comparison only,See reference-claim-context-audit.csv for exact manuscript context,no
boussaa2020metamorphic,Leveraging Metamorphic Testing to Automatically Detect Inconsistencies in Code Generator Families,https://doi.org/10.1002/stvr.1721,https://inria.hal.science/hal-02422437/document,Publisher/author/standard-provider terms; no third-party full text redistributed,2026-10-03,scholarly publication,bibliographic record and/or abstract; not a complete full-text review,Citation and conceptual comparison only,See reference-claim-context-audit.csv for exact manuscript context,no
watanabe2021certifying,Certifying the Synthesis of Heap-Manipulating Programs,https://doi.org/10.1145/3473589,https://iris-project.org/pdfs/2021-icfp-certisuslik.pdf,Publisher/author/standard-provider terms; no third-party full text redistributed,2026-10-03,scholarly publication,targeted manuscript passages; not a complete full-text review,Citation and conceptual comparison only,See reference-claim-context-audit.csv for exact manuscript context,no
amani2016cogent,Cogent: Verifying High-Assurance File System Implementations,https://doi.org/10.1145/2872362.2872404,https://doi.org/10.1145/2872362.2872404,Publisher/author/standard-provider terms; no third-party full text redistributed,Retained source; no new full-text access asserted,scholarly publication,retained bibliographic entry and established method attribution; no new full-text review claimed,Citation and conceptual comparison only,See reference-claim-context-audit.csv for exact manuscript context,no
aizenbud2006traceability,Model Traceability,https://doi.org/10.1147/sj.453.0515,https://research.ibm.com/publications/model-traceability,Publisher/author/standard-provider terms; no third-party full text redistributed,2026-10-03,scholarly publication,bibliographic record and/or abstract; not a complete full-text review,Citation and conceptual comparison only,See reference-claim-context-audit.csv for exact manuscript context,no
mitreCWE,Common Weakness Enumeration,https://cwe.mitre.org/,https://cwe.mitre.org/,Publisher/author/standard-provider terms; no third-party full text redistributed,Retained source; no new full-text access asserted,official record,official standard/taxonomy record,Citation and conceptual comparison only,See reference-claim-context-audit.csv for exact manuscript context,no
schumann2003certification,Certification Support for Automatically Generated Programs,https://doi.org/10.1109/HICSS.2003.1174914,https://ieeexplore.ieee.org/document/1174914/,Publisher/author/standard-provider terms; no third-party full text redistributed,2026-10-03,scholarly publication,bibliographic record and/or abstract; not a complete full-text review,Citation and conceptual comparison only,See reference-claim-context-audit.csv for exact manuscript context,no
denney2008verifiers,Generating Customized Verifiers for Automatically Generated Code,https://doi.org/10.1145/1449913.1449926,https://ntrs.nasa.gov/citations/20100036452,Publisher/author/standard-provider terms; no third-party full text redistributed,2026-10-03,scholarly publication,bibliographic record and/or abstract; not a complete full-text review,Citation and conceptual comparison only,See reference-claim-context-audit.csv for exact manuscript context,no
beyer2022witnesses,Verification Witnesses,https://doi.org/10.1145/3477579,https://www.sosy-lab.org/research/pub/2022-TOSEM.Verification_Witnesses.pdf,Publisher/author/standard-provider terms; no third-party full text redistributed,2026-10-03,scholarly publication,targeted manuscript passages; not a complete full-text review,Citation and conceptual comparison only,See reference-claim-context-audit.csv for exact manuscript context,no
torresarias2019intoto,in-toto: Providing Farm-to-Table Guarantees for Bits and Bytes,https://www.usenix.org/conference/usenixsecurity19/presentation/torres-arias,https://www.usenix.org/conference/usenixsecurity19/presentation/torres-arias,Publisher/author/standard-provider terms; no third-party full text redistributed,Retained source; no new full-text access asserted,scholarly publication,retained bibliographic entry and established method attribution; no new full-text review claimed,Citation and conceptual comparison only,See reference-claim-context-audit.csv for exact manuscript context,no
mcconnell2011certifying,Certifying Algorithms,https://doi.org/10.1016/j.cosrev.2010.09.009,https://www.cs.colostate.edu/~rmm/cert11.pdf,Publisher/author/standard-provider terms; no third-party full text redistributed,2026-10-03,scholarly publication,targeted manuscript passages; not a complete full-text review,Citation and conceptual comparison only,See reference-claim-context-audit.csv for exact manuscript context,no
alkassar2014framework,A Framework for the Verification of Certifying Computations,https://doi.org/10.1007/s10817-013-9289-2,https://arxiv.org/abs/1301.7462,Publisher/author/standard-provider terms; no third-party full text redistributed,2026-10-03,scholarly publication,targeted manuscript passages; not a complete full-text review,Citation and conceptual comparison only,See reference-claim-context-audit.csv for exact manuscript context,no
gotel1994analysis,An Analysis of the Requirements Traceability Problem,https://doi.org/10.1109/ICRE.1994.292398,https://discovery.ucl.ac.uk/749/1/2.2_rtprob.pdf,Publisher/author/standard-provider terms; no third-party full text redistributed,2026-10-03,scholarly publication,bibliographic record and/or abstract; not a complete full-text review,Citation and conceptual comparison only,See reference-claim-context-audit.csv for exact manuscript context,no
cleland2014traceability,Software Traceability: Trends and Future Directions,https://doi.org/10.1145/2593882.2593891,https://doi.org/10.1145/2593882.2593891,Publisher/author/standard-provider terms; no third-party full text redistributed,2026-10-03,scholarly publication,bibliographic record and/or abstract; not a complete full-text review,Citation and conceptual comparison only,See reference-claim-context-audit.csv for exact manuscript context,no
barr2015oracle,The Oracle Problem in Software Testing: A Survey,https://doi.org/10.1109/TSE.2014.2372785,https://doi.org/10.1109/TSE.2014.2372785,Publisher/author/standard-provider terms; no third-party full text redistributed,2026-10-03,scholarly publication,bibliographic record and/or abstract; not a complete full-text review,Citation and conceptual comparison only,See reference-claim-context-audit.csv for exact manuscript context,no
segura2016survey,A Survey on Metamorphic Testing,https://doi.org/10.1109/TSE.2016.2532875,https://doi.org/10.1109/TSE.2016.2532875,Publisher/author/standard-provider terms; no third-party full text redistributed,2026-10-03,scholarly publication,bibliographic record and/or abstract; not a complete full-text review,Citation and conceptual comparison only,See reference-claim-context-audit.csv for exact manuscript context,no
jia2011mutation,An Analysis and Survey of the Development of Mutation Testing,https://doi.org/10.1109/TSE.2010.62,https://doi.org/10.1109/TSE.2010.62,Publisher/author/standard-provider terms; no third-party full text redistributed,2026-10-03,scholarly publication,bibliographic record and/or abstract; not a complete full-text review,Citation and conceptual comparison only,See reference-claim-context-audit.csv for exact manuscript context,no
kalibera2013benchmarking,Rigorous Benchmarking in Reasonable Time,https://doi.org/10.1145/2464157.2464160,https://kar.kent.ac.uk/33611/45/p63-kaliber.pdf,Publisher/author/standard-provider terms; no third-party full text redistributed,2026-10-03,scholarly publication,bibliographic record and/or abstract; not a complete full-text review,Citation and conceptual comparison only,See reference-claim-context-audit.csv for exact manuscript context,no
green2007semirings,Provenance Semirings,https://doi.org/10.1145/1265530.1265535,https://doi.org/10.1145/1265530.1265535,Publisher/author/standard-provider terms; no third-party full text redistributed,2026-10-03,scholarly publication,bibliographic record and/or abstract; not a complete full-text review,Citation and conceptual comparison only,See reference-claim-context-audit.csv for exact manuscript context,no
cheney2009databases,"Provenance in Databases: Why, How, and Where",https://doi.org/10.1561/1900000006,https://doi.org/10.1561/1900000006,Publisher/author/standard-provider terms; no third-party full text redistributed,2026-10-03,scholarly publication,bibliographic record and/or abstract; not a complete full-text review,Citation and conceptual comparison only,See reference-claim-context-audit.csv for exact manuscript context,no
moreau2011opm,The Open Provenance Model Core Specification (v1.1),https://doi.org/10.1016/j.future.2010.07.005,https://doi.org/10.1016/j.future.2010.07.005,Publisher/author/standard-provider terms; no third-party full text redistributed,2026-10-03,scholarly publication,bibliographic record and/or abstract; not a complete full-text review,Citation and conceptual comparison only,See reference-claim-context-audit.csv for exact manuscript context,no
hoare1969axiomatic,An Axiomatic Basis for Computer Programming,https://doi.org/10.1145/363235.363259,https://doi.org/10.1145/363235.363259,Publisher/author/standard-provider terms; no third-party full text redistributed,2026-10-03,scholarly publication,bibliographic record and/or abstract; not a complete full-text review,Citation and conceptual comparison only,See reference-claim-context-audit.csv for exact manuscript context,no
cousot1977abstract,Abstract Interpretation: A Unified Lattice Model for Static Analysis of Programs by Construction or Approximation of Fixpoints,https://doi.org/10.1145/512950.512973,https://doi.org/10.1145/512950.512973,Publisher/author/standard-provider terms; no third-party full text redistributed,2026-10-03,scholarly publication,bibliographic record and/or abstract; not a complete full-text review,Citation and conceptual comparison only,See reference-claim-context-audit.csv for exact manuscript context,no
king1976symbolic,Symbolic Execution and Program Testing,https://doi.org/10.1145/360248.360252,https://doi.org/10.1145/360248.360252,Publisher/author/standard-provider terms; no third-party full text redistributed,2026-10-03,scholarly publication,bibliographic record and/or abstract; not a complete full-text review,Citation and conceptual comparison only,See reference-claim-context-audit.csv for exact manuscript context,no
leucker2009runtime,A Brief Account of Runtime Verification,https://doi.org/10.1016/j.jlap.2008.08.004,https://christian.schallhart.net/publications/2009--jlap--a-brief-account-of-runtime-verification.pdf,Publisher/author/standard-provider terms; no third-party full text redistributed,2026-10-03,scholarly publication,bibliographic record and/or abstract; not a complete full-text review,Citation and conceptual comparison only,See reference-claim-context-audit.csv for exact manuscript context,no
lopes2021alive,Alive2: Bounded Translation Validation for LLVM,https://doi.org/10.1145/3453483.3454030,https://users.cs.utah.edu/~regehr/alive2-pldi21.pdf,Publisher/author/standard-provider terms; no third-party full text redistributed,2026-10-03,scholarly publication,bibliographic record and/or abstract; not a complete full-text review,Citation and conceptual comparison only,See reference-claim-context-audit.csv for exact manuscript context,no
kumar2014cakeml,CakeML: A Verified Implementation of ML,https://doi.org/10.1145/2535838.2535841,https://cakeml.org/popl14.pdf,Publisher/author/standard-provider terms; no third-party full text redistributed,2026-10-03,scholarly publication,bibliographic record and/or abstract; not a complete full-text review,Citation and conceptual comparison only,See reference-claim-context-audit.csv for exact manuscript context,no
appel2001foundational,Foundational Proof-Carrying Code,https://doi.org/10.1109/LICS.2001.932501,https://www.cs.princeton.edu/~appel/papers/fpcc.pdf,Publisher/author/standard-provider terms; no third-party full text redistributed,2026-10-03,scholarly publication,targeted manuscript passages; not a complete full-text review,Citation and conceptual comparison only,DOI identity corrected against Crossref registrant metadata and author publication list on 2026-10-06; passage scope unchanged,no
necula2000validation,Translation Validation for an Optimizing Compiler,https://doi.org/10.1145/349299.349314,https://doi.org/10.1145/349299.349314,Publisher/author/standard-provider terms; no third-party full text redistributed,2026-10-03,scholarly publication,bibliographic record and/or abstract; not a complete full-text review,Citation and conceptual comparison only,See reference-claim-context-audit.csv for exact manuscript context,no
ayaziova2024witnesses,Software Verification Witnesses 2.0,https://doi.org/10.1007/978-3-031-66149-5_11,https://www.sosy-lab.org/research/pub/2024-SPIN.Software_Verification_Witnesses_2.0.pdf,Publisher/author/standard-provider terms; no third-party full text redistributed,2026-10-03,scholarly publication,targeted manuscript passages; not a complete full-text review,Citation and conceptual comparison only,See reference-claim-context-audit.csv for exact manuscript context,no
cadar2013three,Symbolic Execution for Software Testing: Three Decades Later,https://doi.org/10.1145/2408776.2408795,https://doi.org/10.1145/2408776.2408795,Publisher/author/standard-provider terms; no third-party full text redistributed,2026-10-03,scholarly publication,bibliographic record and/or abstract; not a complete full-text review,Citation and conceptual comparison only,See reference-claim-context-audit.csv for exact manuscript context,no
baldoni2018survey,A Survey of Symbolic Execution Techniques,https://doi.org/10.1145/3182657,https://arxiv.org/abs/1610.00502,Publisher/author/standard-provider terms; no third-party full text redistributed,2026-10-03,scholarly publication,bibliographic record and/or abstract; not a complete full-text review,Citation and conceptual comparison only,See reference-claim-context-audit.csv for exact manuscript context,no
godefroid2005dart,DART: Directed Automated Random Testing,https://doi.org/10.1145/1065010.1065036,https://patricegodefroid.github.io/public_psfiles/pldi2005.pdf,Publisher/author/standard-provider terms; no third-party full text redistributed,2026-10-03,scholarly publication,bibliographic record and/or abstract; not a complete full-text review,Citation and conceptual comparison only,See reference-claim-context-audit.csv for exact manuscript context,no
sen2005cute,CUTE: A Concolic Unit Testing Engine for C,https://doi.org/10.1145/1081706.1081750,https://doi.org/10.1145/1081706.1081750,Publisher/author/standard-provider terms; no third-party full text redistributed,2026-10-03,scholarly publication,bibliographic record and/or abstract; not a complete full-text review,Citation and conceptual comparison only,See reference-claim-context-audit.csv for exact manuscript context,no
buneman2001why,Why and Where: A Characterization of Data Provenance,https://doi.org/10.1007/3-540-44503-X_20,https://homepages.inf.ed.ac.uk/opb/papers/ICDT2001.pdf,Publisher/author/standard-provider terms; no third-party full text redistributed,2026-10-03,scholarly publication,bibliographic record and/or abstract; not a complete full-text review,Citation and conceptual comparison only,See reference-claim-context-audit.csv for exact manuscript context,no
clarkson2010hyperproperties,Hyperproperties,https://doi.org/10.3233/JCS-2009-0393,https://doi.org/10.3233/JCS-2009-0393,Publisher/author/standard-provider terms; no third-party full text redistributed,2026-10-03,scholarly publication,bibliographic record and/or abstract; not a complete full-text review,Citation and conceptual comparison only,See reference-claim-context-audit.csv for exact manuscript context,no
prov2013model,PROV-DM: The PROV Data Model,https://www.w3.org/TR/prov-dm/,https://www.w3.org/TR/prov-dm/,Publisher/author/standard-provider terms; no third-party full text redistributed,2026-10-03,official record,official standard/taxonomy record,Citation and conceptual comparison only,See reference-claim-context-audit.csv for exact manuscript context,no
denney2006annotations,A Generic Annotation Inference Algorithm for the Safety Certification of Automatically Generated Code,https://doi.org/10.1145/1173706.1173725,https://eprints.soton.ac.uk/263485/,Publisher/author/standard-provider terms; no third-party full text redistributed,2026-10-03,scholarly publication,bibliographic record and/or abstract; not a complete full-text review,Citation and conceptual comparison only,See reference-claim-context-audit.csv for exact manuscript context,no
alpern1985liveness,Defining Liveness,https://doi.org/10.1016/0020-0190(85)90056-0,https://doi.org/10.1016/0020-0190(85)90056-0,Publisher/author/standard-provider terms; no third-party full text redistributed,2026-10-03,scholarly publication,bibliographic record and/or abstract; not a complete full-text review,Citation and conceptual comparison only,See reference-claim-context-audit.csv for exact manuscript context,no
cheney2008traces,Provenance Traces,https://arxiv.org/abs/0812.0564,https://arxiv.org/html/0812.0564v1,Publisher/author/standard-provider terms; no third-party full text redistributed,2026-10-03,research preprint,targeted manuscript passages; not a complete full-text review,Citation and conceptual comparison only,See reference-claim-context-audit.csv for exact manuscript context,no
tristan2009lazy,Verified Validation of Lazy Code Motion,https://doi.org/10.1145/1542476.1542512,https://jtristan.github.io/papers/pldi09.pdf,Publisher/author/standard-provider terms; no third-party full text redistributed,2026-10-03,scholarly publication,bibliographic record and/or abstract; not a complete full-text review,Citation and conceptual comparison only,See reference-claim-context-audit.csv for exact manuscript context,no
tristan2010pipelining,"A Simple, Verified Validator for Software Pipelining",https://doi.org/10.1145/1706299.1706311,https://jtristan.github.io/papers/popl10.pdf,Publisher/author/standard-provider terms; no third-party full text redistributed,2026-10-03,scholarly publication,bibliographic record and/or abstract; not a complete full-text review,Citation and conceptual comparison only,See reference-claim-context-audit.csv for exact manuscript context,no
noschinski2014autocorres,Verification of Certifying Computations through AutoCorres and Simpl,https://doi.org/10.1007/978-3-319-06200-6_4,https://people.eng.unimelb.edu.au/rizkallahc/publications/AutoCorresVerification.pdf,Publisher/author/standard-provider terms; no third-party full text redistributed,2026-10-03,scholarly publication,bibliographic record and/or abstract; not a complete full-text review,Citation and conceptual comparison only,See reference-claim-context-audit.csv for exact manuscript context,no
wolff2026benchmark,Fuzzing: On Benchmarking Outcome as a Function of Benchmark Properties,https://doi.org/10.1145/3732936,https://arxiv.org/html/2212.09519v2,Publisher/author/standard-provider terms; no third-party full text redistributed,2026-10-03,scholarly publication,targeted manuscript passages; not a complete full-text review,Citation and conceptual comparison only,See reference-claim-context-audit.csv for exact manuscript context,no
GHSA-386q-5hp3-95m9,Python factory-expression mechanism,https://github.com/advisories/GHSA-386q-5hp3-95m9,https://github.com/advisories/GHSA-386q-5hp3-95m9,Public advisory factual paraphrase; no vendor implementation redistributed,2026-10-03,public advisory,Read-only advisory description and remediation,Bounded source-to-sink abstraction; not vendor execution,Case explanation and local abstraction mapping only,no
GHSA-jqwh-526h-c92j,PHP quoted-literal mechanism,https://github.com/advisories/GHSA-jqwh-526h-c92j,https://github.com/advisories/GHSA-jqwh-526h-c92j,Public advisory factual paraphrase; no vendor implementation redistributed,2026-10-03,public advisory,Read-only advisory description and remediation,Bounded source-to-sink abstraction; not vendor execution,Case explanation and local abstraction mapping only,no
GHSA-f456-rf33-4626,TypeScript mock-constant mechanism,https://github.com/advisories/GHSA-f456-rf33-4626,https://github.com/advisories/GHSA-f456-rf33-4626,Public advisory factual paraphrase; no vendor implementation redistributed,2026-10-03,public advisory,Read-only advisory description and remediation,Bounded source-to-sink abstraction; not vendor execution,Case explanation and local abstraction mapping only,no
