case_id,fault_kind,truth_rejected,certificate_method,global_template_lint,default_trace_safety,three_trace_tests,exhaustive_trace_safety,coverage_plus_safety,origin_plus_safety,origin_plus_coverage
automation-auth-001,safe,False,False,False,False,False,False,False,False,False
automation-auth-002,safe,False,False,False,False,False,False,False,False,False
automation-auth-003,safe,False,False,False,False,False,False,False,False,False
automation-auth-004,safe,False,False,False,False,False,False,False,False,False
automation-auth-005,safe,False,False,False,False,False,False,False,False,False
automation-auth-006,safe,False,False,False,False,False,False,False,False,False
automation-auth-007,safe,False,False,False,False,False,False,False,False,False
automation-auth-008,safe,False,False,False,False,False,False,False,False,False
automation-auth-009,safe,False,False,False,False,False,False,False,False,False
automation-auth-010,safe,False,False,False,False,False,False,False,False,False
automation-auth-011,safe,False,False,False,False,False,False,False,False,False
automation-auth-012,safe,False,False,False,False,False,False,False,False,False
automation-auth-013,safe,False,False,False,False,False,False,False,False,False
automation-auth-014,safe,False,False,False,False,False,False,False,False,False
automation-auth-015,safe,False,False,False,False,False,False,False,False,False
automation-auth-016,safe,False,False,False,False,False,False,False,False,False
automation-auth-017,safe,False,False,False,False,False,False,False,False,False
automation-auth-018,safe,False,False,False,False,False,False,False,False,False
automation-auth-019,semantic,True,True,False,False,False,True,True,True,False
automation-auth-020,semantic,True,True,False,False,True,True,True,True,False
automation-auth-021,semantic,True,True,False,False,True,True,True,True,False
automation-auth-022,semantic,True,True,False,False,True,True,True,True,False
automation-auth-023,semantic,True,True,False,False,False,True,True,True,False
automation-auth-024,semantic,True,True,False,False,True,True,True,True,False
automation-auth-025,semantic,True,True,False,False,True,True,True,True,False
automation-auth-026,semantic,True,True,False,False,True,True,True,True,False
automation-auth-027,semantic,True,True,False,False,False,True,True,True,False
automation-auth-028,semantic,True,True,False,False,True,True,True,True,False
automation-auth-029,coverage,True,True,False,False,False,False,True,False,True
automation-auth-030,coverage,True,True,False,False,False,False,True,False,True
automation-auth-031,coverage,True,True,False,False,False,False,True,False,True
automation-auth-032,coverage,True,True,False,False,False,False,True,False,True
automation-auth-033,origin,True,True,False,False,False,False,False,True,True
automation-auth-034,origin,True,True,False,False,False,False,False,True,True
automation-auth-035,origin,True,True,False,False,False,False,False,True,True
automation-auth-036,origin,True,True,False,False,False,False,False,True,True
automation-path-001,safe,False,False,False,False,False,False,False,False,False
automation-path-002,safe,False,False,False,False,False,False,False,False,False
automation-path-003,safe,False,False,False,False,False,False,False,False,False
automation-path-004,safe,False,False,False,False,False,False,False,False,False
automation-path-005,safe,False,False,False,False,False,False,False,False,False
automation-path-006,safe,False,False,False,False,False,False,False,False,False
automation-path-007,safe,False,False,False,False,False,False,False,False,False
automation-path-008,safe,False,False,False,False,False,False,False,False,False
automation-path-009,safe,False,False,False,False,False,False,False,False,False
automation-path-010,safe,False,False,False,False,False,False,False,False,False
automation-path-011,safe,False,False,False,False,False,False,False,False,False
automation-path-012,safe,False,False,False,False,False,False,False,False,False
automation-path-013,safe,False,False,False,False,False,False,False,False,False
automation-path-014,safe,False,False,False,False,False,False,False,False,False
automation-path-015,safe,False,False,False,False,False,False,False,False,False
automation-path-016,safe,False,False,False,False,False,False,False,False,False
automation-path-017,safe,False,False,False,False,False,False,False,False,False
automation-path-018,safe,False,False,False,False,False,False,False,False,False
automation-path-019,semantic,True,True,False,False,False,True,True,True,False
automation-path-020,semantic,True,True,False,False,True,True,True,True,False
automation-path-021,semantic,True,True,False,False,True,True,True,True,False
automation-path-022,semantic,True,True,False,False,True,True,True,True,False
automation-path-023,semantic,True,True,False,False,False,True,True,True,False
automation-path-024,semantic,True,True,False,False,True,True,True,True,False
automation-path-025,semantic,True,True,False,False,True,True,True,True,False
automation-path-026,semantic,True,True,False,False,True,True,True,True,False
automation-path-027,semantic,True,True,False,False,False,True,True,True,False
automation-path-028,semantic,True,True,False,False,True,True,True,True,False
automation-path-029,coverage,True,True,False,False,False,False,True,False,True
automation-path-030,coverage,True,True,False,False,False,False,True,False,True
automation-path-031,coverage,True,True,False,False,False,False,True,False,True
automation-path-032,coverage,True,True,False,False,False,False,True,False,True
automation-path-033,origin,True,True,False,False,False,False,False,True,True
automation-path-034,origin,True,True,False,False,False,False,False,True,True
automation-path-035,origin,True,True,False,False,False,False,False,True,True
automation-path-036,origin,True,True,False,False,False,False,False,True,True
automation-shell-001,safe,False,False,False,False,False,False,False,False,False
automation-shell-002,safe,False,False,False,False,False,False,False,False,False
automation-shell-003,safe,False,False,False,False,False,False,False,False,False
automation-shell-004,safe,False,False,False,False,False,False,False,False,False
automation-shell-005,safe,False,False,False,False,False,False,False,False,False
automation-shell-006,safe,False,False,False,False,False,False,False,False,False
automation-shell-007,safe,False,False,False,False,False,False,False,False,False
automation-shell-008,safe,False,False,False,False,False,False,False,False,False
automation-shell-009,safe,False,False,False,False,False,False,False,False,False
automation-shell-010,safe,False,False,False,False,False,False,False,False,False
automation-shell-011,safe,False,False,False,False,False,False,False,False,False
automation-shell-012,safe,False,False,False,False,False,False,False,False,False
automation-shell-013,safe,False,False,False,False,False,False,False,False,False
automation-shell-014,safe,False,False,False,False,False,False,False,False,False
automation-shell-015,safe,False,False,False,False,False,False,False,False,False
automation-shell-016,safe,False,False,False,False,False,False,False,False,False
automation-shell-017,safe,False,False,False,False,False,False,False,False,False
automation-shell-018,safe,False,False,False,False,False,False,False,False,False
automation-shell-019,semantic,True,True,False,False,False,True,True,True,False
automation-shell-020,semantic,True,True,False,False,True,True,True,True,False
automation-shell-021,semantic,True,True,False,False,True,True,True,True,False
automation-shell-022,semantic,True,True,False,False,True,True,True,True,False
automation-shell-023,semantic,True,True,False,False,False,True,True,True,False
automation-shell-024,semantic,True,True,False,False,True,True,True,True,False
automation-shell-025,semantic,True,True,False,False,True,True,True,True,False
automation-shell-026,semantic,True,True,False,False,True,True,True,True,False
automation-shell-027,semantic,True,True,False,False,False,True,True,True,False
automation-shell-028,semantic,True,True,False,False,True,True,True,True,False
automation-shell-029,coverage,True,True,False,False,False,False,True,False,True
automation-shell-030,coverage,True,True,False,False,False,False,True,False,True
automation-shell-031,coverage,True,True,False,False,False,False,True,False,True
automation-shell-032,coverage,True,True,False,False,False,False,True,False,True
automation-shell-033,origin,True,True,False,False,False,False,False,True,True
automation-shell-034,origin,True,True,False,False,False,False,False,True,True
automation-shell-035,origin,True,True,False,False,False,False,False,True,True
automation-shell-036,origin,True,True,False,False,False,False,False,True,True
php-sdk-001,safe,False,False,False,False,False,False,False,False,False
php-sdk-002,safe,False,False,False,False,False,False,False,False,False
php-sdk-003,safe,False,False,False,False,False,False,False,False,False
php-sdk-004,safe,False,False,False,False,False,False,False,False,False
php-sdk-005,safe,False,False,False,False,False,False,False,False,False
php-sdk-006,safe,False,False,False,False,False,False,False,False,False
php-sdk-007,semantic,True,True,False,False,True,True,True,True,False
php-sdk-008,semantic,True,True,False,False,True,True,True,True,False
php-sdk-009,semantic,True,True,False,False,True,True,True,True,False
php-sdk-010,semantic,True,True,False,False,True,True,True,True,False
php-sdk-011,semantic,True,True,False,False,True,True,True,True,False
php-sdk-012,semantic,True,True,False,False,True,True,True,True,False
python-model-001,safe,False,False,False,False,False,False,False,False,False
python-model-002,safe,False,False,False,False,False,False,False,False,False
python-model-003,safe,False,False,False,False,False,False,False,False,False
python-model-004,safe,False,False,False,False,False,False,False,False,False
python-model-005,safe,False,False,False,False,False,False,False,False,False
python-model-006,safe,False,False,False,False,False,False,False,False,False
python-model-007,semantic,True,True,False,False,True,True,True,True,False
python-model-008,semantic,True,True,False,False,True,True,True,True,False
python-model-009,semantic,True,True,False,False,True,True,True,True,False
python-model-010,semantic,True,True,False,False,True,True,True,True,False
python-model-011,semantic,True,True,False,False,True,True,True,True,False
python-model-012,semantic,True,True,False,False,True,True,True,True,False
service-auth-001,safe,False,False,False,False,False,False,False,False,False
service-auth-002,safe,False,False,False,False,False,False,False,False,False
service-auth-003,safe,False,False,False,False,False,False,False,False,False
service-auth-004,safe,False,False,False,False,False,False,False,False,False
service-auth-005,safe,False,False,False,False,False,False,False,False,False
service-auth-006,safe,False,False,False,False,False,False,False,False,False
service-auth-007,safe,False,False,False,False,False,False,False,False,False
service-auth-008,safe,False,False,False,False,False,False,False,False,False
service-auth-009,safe,False,False,False,False,False,False,False,False,False
service-auth-010,safe,False,False,False,False,False,False,False,False,False
service-auth-011,safe,False,False,False,False,False,False,False,False,False
service-auth-012,safe,False,False,False,False,False,False,False,False,False
service-auth-013,safe,False,False,False,False,False,False,False,False,False
service-auth-014,safe,False,False,False,False,False,False,False,False,False
service-auth-015,safe,False,False,False,False,False,False,False,False,False
service-auth-016,safe,False,False,False,False,False,False,False,False,False
service-auth-017,safe,False,False,False,False,False,False,False,False,False
service-auth-018,safe,False,False,False,False,False,False,False,False,False
service-auth-019,semantic,True,True,False,False,True,True,True,True,False
service-auth-020,semantic,True,True,False,False,True,True,True,True,False
service-auth-021,semantic,True,True,False,False,True,True,True,True,False
service-auth-022,semantic,True,True,False,False,True,True,True,True,False
service-auth-023,semantic,True,True,False,False,True,True,True,True,False
service-auth-024,semantic,True,True,False,False,True,True,True,True,False
service-auth-025,semantic,True,True,False,False,True,True,True,True,False
service-auth-026,semantic,True,True,False,False,True,True,True,True,False
service-auth-027,semantic,True,True,False,False,True,True,True,True,False
service-auth-028,semantic,True,True,False,False,True,True,True,True,False
service-auth-029,coverage,True,True,False,False,False,False,True,False,True
service-auth-030,coverage,True,True,False,False,False,False,True,False,True
service-auth-031,coverage,True,True,False,False,False,False,True,False,True
service-auth-032,coverage,True,True,False,False,False,False,True,False,True
service-auth-033,origin,True,True,False,False,False,False,False,True,True
service-auth-034,origin,True,True,False,False,False,False,False,True,True
service-auth-035,origin,True,True,False,False,False,False,False,True,True
service-auth-036,origin,True,True,False,False,False,False,False,True,True
service-credential-001,safe,False,False,False,False,False,False,False,False,False
service-credential-002,safe,False,False,False,False,False,False,False,False,False
service-credential-003,safe,False,False,False,False,False,False,False,False,False
service-credential-004,safe,False,False,False,False,False,False,False,False,False
service-credential-005,safe,False,False,False,False,False,False,False,False,False
service-credential-006,safe,False,False,False,False,False,False,False,False,False
service-credential-007,safe,False,False,False,False,False,False,False,False,False
service-credential-008,safe,False,False,False,False,False,False,False,False,False
service-credential-009,safe,False,False,False,False,False,False,False,False,False
service-credential-010,safe,False,False,False,False,False,False,False,False,False
service-credential-011,safe,False,False,False,False,False,False,False,False,False
service-credential-012,safe,False,False,False,False,False,False,False,False,False
service-credential-013,safe,False,False,False,False,False,False,False,False,False
service-credential-014,safe,False,False,False,False,False,False,False,False,False
service-credential-015,safe,False,False,False,False,False,False,False,False,False
service-credential-016,safe,False,False,False,False,False,False,False,False,False
service-credential-017,safe,False,False,False,False,False,False,False,False,False
service-credential-018,safe,False,False,False,False,False,False,False,False,False
service-credential-019,semantic,True,True,False,False,True,True,True,True,False
service-credential-020,semantic,True,True,False,False,True,True,True,True,False
service-credential-021,semantic,True,True,False,False,True,True,True,True,False
service-credential-022,semantic,True,True,False,False,True,True,True,True,False
service-credential-023,semantic,True,True,False,False,True,True,True,True,False
service-credential-024,semantic,True,True,False,False,True,True,True,True,False
service-credential-025,semantic,True,True,False,False,True,True,True,True,False
service-credential-026,semantic,True,True,False,False,True,True,True,True,False
service-credential-027,semantic,True,True,False,False,True,True,True,True,False
service-credential-028,semantic,True,True,False,False,True,True,True,True,False
service-credential-029,coverage,True,True,False,False,False,False,True,False,True
service-credential-030,coverage,True,True,False,False,False,False,True,False,True
service-credential-031,coverage,True,True,False,False,False,False,True,False,True
service-credential-032,coverage,True,True,False,False,False,False,True,False,True
service-credential-033,origin,True,True,False,False,False,False,False,True,True
service-credential-034,origin,True,True,False,False,False,False,False,True,True
service-credential-035,origin,True,True,False,False,False,False,False,True,True
service-credential-036,origin,True,True,False,False,False,False,False,True,True
service-token-001,safe,False,False,False,False,False,False,False,False,False
service-token-002,safe,False,False,False,False,False,False,False,False,False
service-token-003,safe,False,False,False,False,False,False,False,False,False
service-token-004,safe,False,False,False,False,False,False,False,False,False
service-token-005,safe,False,False,False,False,False,False,False,False,False
service-token-006,safe,False,False,False,False,False,False,False,False,False
service-token-007,safe,False,False,False,False,False,False,False,False,False
service-token-008,safe,False,False,False,False,False,False,False,False,False
service-token-009,safe,False,False,False,False,False,False,False,False,False
service-token-010,safe,False,False,False,False,False,False,False,False,False
service-token-011,safe,False,False,False,False,False,False,False,False,False
service-token-012,safe,False,False,False,False,False,False,False,False,False
service-token-013,safe,False,False,False,False,False,False,False,False,False
service-token-014,safe,False,False,False,False,False,False,False,False,False
service-token-015,safe,False,False,False,False,False,False,False,False,False
service-token-016,safe,False,False,False,False,False,False,False,False,False
service-token-017,safe,False,False,False,False,False,False,False,False,False
service-token-018,safe,False,False,False,False,False,False,False,False,False
service-token-019,semantic,True,True,False,False,True,True,True,True,False
service-token-020,semantic,True,True,False,False,True,True,True,True,False
service-token-021,semantic,True,True,False,False,True,True,True,True,False
service-token-022,semantic,True,True,False,False,True,True,True,True,False
service-token-023,semantic,True,True,False,False,True,True,True,True,False
service-token-024,semantic,True,True,False,False,True,True,True,True,False
service-token-025,semantic,True,True,False,False,True,True,True,True,False
service-token-026,semantic,True,True,False,False,True,True,True,True,False
service-token-027,semantic,True,True,False,False,True,True,True,True,False
service-token-028,semantic,True,True,False,False,True,True,True,True,False
service-token-029,coverage,True,True,False,False,False,False,True,False,True
service-token-030,coverage,True,True,False,False,False,False,True,False,True
service-token-031,coverage,True,True,False,False,False,False,True,False,True
service-token-032,coverage,True,True,False,False,False,False,True,False,True
service-token-033,origin,True,True,False,False,False,False,False,True,True
service-token-034,origin,True,True,False,False,False,False,False,True,True
service-token-035,origin,True,True,False,False,False,False,False,True,True
service-token-036,origin,True,True,False,False,False,False,False,True,True
typescript-mock-001,safe,False,False,False,False,False,False,False,False,False
typescript-mock-002,safe,False,False,False,False,False,False,False,False,False
typescript-mock-003,safe,False,False,False,False,False,False,False,False,False
typescript-mock-004,safe,False,False,False,False,False,False,False,False,False
typescript-mock-005,safe,False,False,False,False,False,False,False,False,False
typescript-mock-006,safe,False,False,False,False,False,False,False,False,False
typescript-mock-007,semantic,True,True,False,False,True,True,True,True,False
typescript-mock-008,semantic,True,True,False,False,True,True,True,True,False
typescript-mock-009,semantic,True,True,False,False,True,True,True,True,False
typescript-mock-010,semantic,True,True,False,False,True,True,True,True,False
typescript-mock-011,semantic,True,True,False,False,True,True,True,True,False
typescript-mock-012,semantic,True,True,False,False,True,True,True,True,False
web-auth-001,safe,False,False,False,False,False,False,False,False,False
web-auth-002,safe,False,False,False,False,False,False,False,False,False
web-auth-003,safe,False,False,False,False,False,False,False,False,False
web-auth-004,safe,False,False,False,False,False,False,False,False,False
web-auth-005,safe,False,False,False,False,False,False,False,False,False
web-auth-006,safe,False,False,False,False,False,False,False,False,False
web-auth-007,safe,False,False,False,False,False,False,False,False,False
web-auth-008,safe,False,False,False,False,False,False,False,False,False
web-auth-009,safe,False,False,False,False,False,False,False,False,False
web-auth-010,safe,False,False,False,False,False,False,False,False,False
web-auth-011,safe,False,False,False,False,False,False,False,False,False
web-auth-012,safe,False,False,False,False,False,False,False,False,False
web-auth-013,safe,False,False,False,False,False,False,False,False,False
web-auth-014,safe,False,False,False,False,False,False,False,False,False
web-auth-015,safe,False,False,False,False,False,False,False,False,False
web-auth-016,safe,False,False,False,False,False,False,False,False,False
web-auth-017,safe,False,False,False,False,False,False,False,False,False
web-auth-018,safe,False,False,False,False,False,False,False,False,False
web-auth-019,semantic,True,True,False,False,True,True,True,True,False
web-auth-020,semantic,True,True,False,False,True,True,True,True,False
web-auth-021,semantic,True,True,False,False,True,True,True,True,False
web-auth-022,semantic,True,True,False,False,True,True,True,True,False
web-auth-023,semantic,True,True,False,False,True,True,True,True,False
web-auth-024,semantic,True,True,False,False,True,True,True,True,False
web-auth-025,semantic,True,True,False,False,True,True,True,True,False
web-auth-026,semantic,True,True,False,False,True,True,True,True,False
web-auth-027,semantic,True,True,False,False,True,True,True,True,False
web-auth-028,semantic,True,True,False,False,True,True,True,True,False
web-auth-029,coverage,True,True,False,False,False,False,True,False,True
web-auth-030,coverage,True,True,False,False,False,False,True,False,True
web-auth-031,coverage,True,True,False,False,False,False,True,False,True
web-auth-032,coverage,True,True,False,False,False,False,True,False,True
web-auth-033,origin,True,True,False,False,False,False,False,True,True
web-auth-034,origin,True,True,False,False,False,False,False,True,True
web-auth-035,origin,True,True,False,False,False,False,False,True,True
web-auth-036,origin,True,True,False,False,False,False,False,True,True
web-html-001,safe,False,False,False,False,False,False,False,False,False
web-html-002,safe,False,False,False,False,False,False,False,False,False
web-html-003,safe,False,False,False,False,False,False,False,False,False
web-html-004,safe,False,False,False,False,False,False,False,False,False
web-html-005,safe,False,False,False,False,False,False,False,False,False
web-html-006,safe,False,False,False,False,False,False,False,False,False
web-html-007,safe,False,False,False,False,False,False,False,False,False
web-html-008,safe,False,False,False,False,False,False,False,False,False
web-html-009,safe,False,False,False,False,False,False,False,False,False
web-html-010,safe,False,False,False,False,False,False,False,False,False
web-html-011,safe,False,False,False,False,False,False,False,False,False
web-html-012,safe,False,False,False,False,False,False,False,False,False
web-html-013,safe,False,False,False,False,False,False,False,False,False
web-html-014,safe,False,False,False,False,False,False,False,False,False
web-html-015,safe,False,False,False,False,False,False,False,False,False
web-html-016,safe,False,False,False,False,False,False,False,False,False
web-html-017,safe,False,False,False,False,False,False,False,False,False
web-html-018,safe,False,False,False,False,False,False,False,False,False
web-html-019,semantic,True,True,False,False,True,True,True,True,False
web-html-020,semantic,True,True,False,False,True,True,True,True,False
web-html-021,semantic,True,True,False,False,True,True,True,True,False
web-html-022,semantic,True,True,False,False,True,True,True,True,False
web-html-023,semantic,True,True,False,False,True,True,True,True,False
web-html-024,semantic,True,True,False,False,True,True,True,True,False
web-html-025,semantic,True,True,False,False,True,True,True,True,False
web-html-026,semantic,True,True,False,False,True,True,True,True,False
web-html-027,semantic,True,True,False,False,True,True,True,True,False
web-html-028,semantic,True,True,False,False,True,True,True,True,False
web-html-029,coverage,True,True,False,False,False,False,True,False,True
web-html-030,coverage,True,True,False,False,False,False,True,False,True
web-html-031,coverage,True,True,False,False,False,False,True,False,True
web-html-032,coverage,True,True,False,False,False,False,True,False,True
web-html-033,origin,True,True,False,False,False,False,False,True,True
web-html-034,origin,True,True,False,False,False,False,False,True,True
web-html-035,origin,True,True,False,False,False,False,False,True,True
web-html-036,origin,True,True,False,False,False,False,False,True,True
web-sql-001,safe,False,False,False,False,False,False,False,False,False
web-sql-002,safe,False,False,False,False,False,False,False,False,False
web-sql-003,safe,False,False,False,False,False,False,False,False,False
web-sql-004,safe,False,False,False,False,False,False,False,False,False
web-sql-005,safe,False,False,False,False,False,False,False,False,False
web-sql-006,safe,False,False,False,False,False,False,False,False,False
web-sql-007,safe,False,False,False,False,False,False,False,False,False
web-sql-008,safe,False,False,False,False,False,False,False,False,False
web-sql-009,safe,False,False,False,False,False,False,False,False,False
web-sql-010,safe,False,False,False,False,False,False,False,False,False
web-sql-011,safe,False,False,False,False,False,False,False,False,False
web-sql-012,safe,False,False,False,False,False,False,False,False,False
web-sql-013,safe,False,False,False,False,False,False,False,False,False
web-sql-014,safe,False,False,False,False,False,False,False,False,False
web-sql-015,safe,False,False,False,False,False,False,False,False,False
web-sql-016,safe,False,False,False,False,False,False,False,False,False
web-sql-017,safe,False,False,False,False,False,False,False,False,False
web-sql-018,safe,False,False,False,False,False,False,False,False,False
web-sql-019,semantic,True,True,False,False,True,True,True,True,False
web-sql-020,semantic,True,True,False,False,True,True,True,True,False
web-sql-021,semantic,True,True,False,False,True,True,True,True,False
web-sql-022,semantic,True,True,False,False,True,True,True,True,False
web-sql-023,semantic,True,True,False,False,True,True,True,True,False
web-sql-024,semantic,True,True,False,False,True,True,True,True,False
web-sql-025,semantic,True,True,False,False,True,True,True,True,False
web-sql-026,semantic,True,True,False,False,True,True,True,True,False
web-sql-027,semantic,True,True,False,False,True,True,True,True,False
web-sql-028,semantic,True,True,False,False,True,True,True,True,False
web-sql-029,coverage,True,True,False,False,False,False,True,False,True
web-sql-030,coverage,True,True,False,False,False,False,True,False,True
web-sql-031,coverage,True,True,False,False,False,False,True,False,True
web-sql-032,coverage,True,True,False,False,False,False,True,False,True
web-sql-033,origin,True,True,False,False,False,False,False,True,True
web-sql-034,origin,True,True,False,False,False,False,False,True,True
web-sql-035,origin,True,True,False,False,False,False,False,True,True
web-sql-036,origin,True,True,False,False,False,False,False,True,True
