case_id,family,subtype,corpus_source,fault_kind,fault_detail,expected,checker_class,result_kind,assignments,certificate_cells,result_bytes,producer_ms,checker_ms,witness_input_size,witness_prefix_length
automation-auth-001,automation,auth,constructed,safe,none,accepted,accepted,certificate,24,4,14579,1.147578,2.378325,,
automation-auth-002,automation,auth,constructed,safe,none,accepted,accepted,certificate,24,4,14627,1.207771,2.388698,,
automation-auth-003,automation,auth,constructed,safe,none,accepted,accepted,certificate,24,6,19471,1.49291,3.304973,,
automation-auth-004,automation,auth,constructed,safe,none,accepted,accepted,certificate,24,6,19566,1.631064,3.342042,,
automation-auth-005,automation,auth,constructed,safe,none,accepted,accepted,certificate,24,4,14579,1.122566,2.384387,,
automation-auth-006,automation,auth,constructed,safe,none,accepted,accepted,certificate,24,4,14627,1.206121,2.414995,,
automation-auth-007,automation,auth,constructed,safe,none,accepted,accepted,certificate,24,6,19471,1.508145,3.329689,,
automation-auth-008,automation,auth,constructed,safe,none,accepted,accepted,certificate,24,6,19566,1.601436,3.35657,,
automation-auth-009,automation,auth,constructed,safe,none,accepted,accepted,certificate,24,4,14579,1.132846,2.353661,,
automation-auth-010,automation,auth,constructed,safe,none,accepted,accepted,certificate,24,4,14627,1.21626,2.393693,,
automation-auth-011,automation,auth,constructed,safe,none,accepted,accepted,certificate,24,6,19471,1.633486,3.349327,,
automation-auth-012,automation,auth,constructed,safe,none,accepted,accepted,certificate,24,6,19566,1.62969,3.351493,,
automation-auth-013,automation,auth,constructed,safe,none,accepted,accepted,certificate,24,4,14579,1.129423,2.353994,,
automation-auth-014,automation,auth,constructed,safe,none,accepted,accepted,certificate,24,4,14627,1.221154,2.398321,,
automation-auth-015,automation,auth,constructed,safe,none,accepted,accepted,certificate,24,6,19471,1.554391,3.312019,,
automation-auth-016,automation,auth,constructed,safe,none,accepted,accepted,certificate,24,6,19566,1.594938,3.32809,,
automation-auth-017,automation,auth,constructed,safe,none,accepted,accepted,certificate,24,4,14579,1.142007,2.337905,,
automation-auth-018,automation,auth,constructed,safe,none,accepted,accepted,certificate,24,4,14627,1.222925,2.484164,,
automation-auth-019,automation,auth,constructed,semantic,monitor-violation,rejected,rejected,counterexample,24,0,7861,3.04398,3.085273,1,1
automation-auth-020,automation,auth,constructed,semantic,monitor-violation,rejected,rejected,counterexample,24,0,7858,3.091917,2.898936,1,1
automation-auth-021,automation,auth,constructed,semantic,monitor-violation,rejected,rejected,counterexample,24,0,6716,2.646233,2.844977,1,1
automation-auth-022,automation,auth,constructed,semantic,monitor-violation,rejected,rejected,counterexample,24,0,6711,2.613847,2.80359,1,1
automation-auth-023,automation,auth,constructed,semantic,monitor-violation,rejected,rejected,counterexample,24,0,7861,3.134764,3.113391,1,1
automation-auth-024,automation,auth,constructed,semantic,monitor-violation,rejected,rejected,counterexample,24,0,7858,3.063466,2.928743,1,1
automation-auth-025,automation,auth,constructed,semantic,monitor-violation,rejected,rejected,counterexample,24,0,6716,2.71077,2.877774,1,1
automation-auth-026,automation,auth,constructed,semantic,monitor-violation,rejected,rejected,counterexample,24,0,6711,2.687526,2.783226,1,1
automation-auth-027,automation,auth,constructed,semantic,monitor-violation,rejected,rejected,counterexample,24,0,7861,3.05821,3.15723,1,1
automation-auth-028,automation,auth,constructed,semantic,monitor-violation,rejected,rejected,counterexample,24,0,7858,3.079853,2.895786,1,1
automation-auth-029,automation,auth,constructed,coverage,missing-obligation,rejected,rejected,counterexample,24,0,7665,2.654074,2.957897,1,2
automation-auth-030,automation,auth,constructed,coverage,spurious-obligation,rejected,rejected,counterexample,24,0,7863,2.694357,2.851523,1,2
automation-auth-031,automation,auth,constructed,coverage,missing-obligation,rejected,rejected,counterexample,24,0,8824,3.101179,3.180687,1,2
automation-auth-032,automation,auth,constructed,coverage,spurious-obligation,rejected,rejected,counterexample,24,0,9030,3.677642,3.005567,1,2
automation-auth-033,automation,auth,constructed,origin,nonexistent-origin,rejected,rejected,counterexample,24,0,7828,2.671112,2.918957,1,2
automation-auth-034,automation,auth,constructed,origin,wrong-existing-origin,rejected,rejected,counterexample,24,0,7858,2.730356,2.838565,1,2
automation-auth-035,automation,auth,constructed,origin,nonexistent-origin,rejected,rejected,counterexample,24,0,8993,3.097767,3.169283,1,2
automation-auth-036,automation,auth,constructed,origin,wrong-existing-origin,rejected,rejected,counterexample,24,0,9025,3.135052,2.977792,1,2
automation-path-001,automation,path,constructed,safe,none,accepted,accepted,certificate,24,4,26154,1.53174,3.28252,,
automation-path-002,automation,path,constructed,safe,none,accepted,accepted,certificate,24,4,26202,1.66558,3.368704,,
automation-path-003,automation,path,constructed,safe,none,accepted,accepted,certificate,24,6,35952,2.138668,4.607395,,
automation-path-004,automation,path,constructed,safe,none,accepted,accepted,certificate,24,6,36047,2.295454,4.629047,,
automation-path-005,automation,path,constructed,safe,none,accepted,accepted,certificate,24,4,26154,1.578645,3.257609,,
automation-path-006,automation,path,constructed,safe,none,accepted,accepted,certificate,24,4,26202,1.63272,3.298658,,
automation-path-007,automation,path,constructed,safe,none,accepted,accepted,certificate,24,6,35952,2.124908,4.592071,,
automation-path-008,automation,path,constructed,safe,none,accepted,accepted,certificate,24,6,36047,2.245543,4.654726,,
automation-path-009,automation,path,constructed,safe,none,accepted,accepted,certificate,24,4,26154,1.510128,3.317163,,
automation-path-010,automation,path,constructed,safe,none,accepted,accepted,certificate,24,4,26202,1.63108,3.306974,,
automation-path-011,automation,path,constructed,safe,none,accepted,accepted,certificate,24,6,35952,2.159828,4.689285,,
automation-path-012,automation,path,constructed,safe,none,accepted,accepted,certificate,24,6,36047,2.231408,4.662632,,
automation-path-013,automation,path,constructed,safe,none,accepted,accepted,certificate,24,4,26154,1.516941,3.269109,,
automation-path-014,automation,path,constructed,safe,none,accepted,accepted,certificate,24,4,26202,1.625303,3.326548,,
automation-path-015,automation,path,constructed,safe,none,accepted,accepted,certificate,24,6,35952,2.122853,4.596916,,
automation-path-016,automation,path,constructed,safe,none,accepted,accepted,certificate,24,6,36047,2.230449,4.665643,,
automation-path-017,automation,path,constructed,safe,none,accepted,accepted,certificate,24,4,26154,1.502022,3.243167,,
automation-path-018,automation,path,constructed,safe,none,accepted,accepted,certificate,24,4,26202,1.672248,3.330674,,
automation-path-019,automation,path,constructed,semantic,monitor-violation,rejected,rejected,counterexample,24,0,11870,3.941982,3.779398,1,3
automation-path-020,automation,path,constructed,semantic,monitor-violation,rejected,rejected,counterexample,24,0,11867,3.859577,3.465974,1,3
automation-path-021,automation,path,constructed,semantic,monitor-violation,rejected,rejected,counterexample,24,0,9922,3.245703,3.408109,1,3
automation-path-022,automation,path,constructed,semantic,monitor-violation,rejected,rejected,counterexample,24,0,9917,3.269835,3.264788,1,3
automation-path-023,automation,path,constructed,semantic,monitor-violation,rejected,rejected,counterexample,24,0,11870,3.962781,3.810588,1,3
automation-path-024,automation,path,constructed,semantic,monitor-violation,rejected,rejected,counterexample,24,0,11867,3.894245,3.464895,1,3
automation-path-025,automation,path,constructed,semantic,monitor-violation,rejected,rejected,counterexample,24,0,9922,3.264848,3.40666,1,3
automation-path-026,automation,path,constructed,semantic,monitor-violation,rejected,rejected,counterexample,24,0,9917,3.253035,3.291431,1,3
automation-path-027,automation,path,constructed,semantic,monitor-violation,rejected,rejected,counterexample,24,0,11870,3.952666,3.809024,1,3
automation-path-028,automation,path,constructed,semantic,monitor-violation,rejected,rejected,counterexample,24,0,11867,3.912393,3.512774,1,3
automation-path-029,automation,path,constructed,coverage,missing-obligation,rejected,rejected,counterexample,24,0,11404,3.354366,3.561951,1,4
automation-path-030,automation,path,constructed,coverage,spurious-obligation,rejected,rejected,counterexample,24,0,11597,3.34132,3.424618,1,4
automation-path-031,automation,path,constructed,coverage,missing-obligation,rejected,rejected,counterexample,24,0,13370,4.143311,3.938018,1,4
automation-path-032,automation,path,constructed,coverage,spurious-obligation,rejected,rejected,counterexample,24,0,13571,3.990957,3.598945,1,4
automation-path-033,automation,path,constructed,origin,nonexistent-origin,rejected,rejected,counterexample,24,0,11568,3.385052,3.522628,1,4
automation-path-034,automation,path,constructed,origin,wrong-existing-origin,rejected,rejected,counterexample,24,0,11598,3.333641,3.378963,1,4
automation-path-035,automation,path,constructed,origin,nonexistent-origin,rejected,rejected,counterexample,24,0,13540,4.088308,3.959345,1,4
automation-path-036,automation,path,constructed,origin,wrong-existing-origin,rejected,rejected,counterexample,24,0,13572,3.976648,3.585788,1,4
automation-shell-001,automation,shell,constructed,safe,none,accepted,accepted,certificate,24,4,19884,1.381958,2.882894,,
automation-shell-002,automation,shell,constructed,safe,none,accepted,accepted,certificate,24,4,19932,1.482776,2.923277,,
automation-shell-003,automation,shell,constructed,safe,none,accepted,accepted,certificate,24,6,26885,1.885123,4.02869,,
automation-shell-004,automation,shell,constructed,safe,none,accepted,accepted,certificate,24,6,26980,2.012265,4.11042,,
automation-shell-005,automation,shell,constructed,safe,none,accepted,accepted,certificate,24,4,19884,1.473139,2.88373,,
automation-shell-006,automation,shell,constructed,safe,none,accepted,accepted,certificate,24,4,19932,1.500186,2.923278,,
automation-shell-007,automation,shell,constructed,safe,none,accepted,accepted,certificate,24,6,26885,1.894603,4.02165,,
automation-shell-008,automation,shell,constructed,safe,none,accepted,accepted,certificate,24,6,26980,2.010509,4.088457,,
automation-shell-009,automation,shell,constructed,safe,none,accepted,accepted,certificate,24,4,19884,1.405302,2.863316,,
automation-shell-010,automation,shell,constructed,safe,none,accepted,accepted,certificate,24,4,19932,1.500014,2.946661,,
automation-shell-011,automation,shell,constructed,safe,none,accepted,accepted,certificate,24,6,26885,2.027316,4.016673,,
automation-shell-012,automation,shell,constructed,safe,none,accepted,accepted,certificate,24,6,26980,1.985409,4.073096,,
automation-shell-013,automation,shell,constructed,safe,none,accepted,accepted,certificate,24,4,19884,1.40675,2.908186,,
automation-shell-014,automation,shell,constructed,safe,none,accepted,accepted,certificate,24,4,19932,1.490774,2.909104,,
automation-shell-015,automation,shell,constructed,safe,none,accepted,accepted,certificate,24,6,26885,1.949272,4.079447,,
automation-shell-016,automation,shell,constructed,safe,none,accepted,accepted,certificate,24,6,26980,2.023268,4.10333,,
automation-shell-017,automation,shell,constructed,safe,none,accepted,accepted,certificate,24,4,19884,1.402406,2.870602,,
automation-shell-018,automation,shell,constructed,safe,none,accepted,accepted,certificate,24,4,19932,1.506176,2.903323,,
automation-shell-019,automation,shell,constructed,semantic,monitor-violation,rejected,rejected,counterexample,24,0,9720,3.653317,3.490276,1,2
automation-shell-020,automation,shell,constructed,semantic,monitor-violation,rejected,rejected,counterexample,24,0,9717,3.572258,3.233683,1,2
automation-shell-021,automation,shell,constructed,semantic,monitor-violation,rejected,rejected,counterexample,24,0,8142,3.01893,3.260844,1,2
automation-shell-022,automation,shell,constructed,semantic,monitor-violation,rejected,rejected,counterexample,24,0,8137,3.04569,3.040624,1,2
automation-shell-023,automation,shell,constructed,semantic,monitor-violation,rejected,rejected,counterexample,24,0,9720,3.627884,3.466549,1,2
automation-shell-024,automation,shell,constructed,semantic,monitor-violation,rejected,rejected,counterexample,24,0,9717,3.606101,3.241481,1,2
automation-shell-025,automation,shell,constructed,semantic,monitor-violation,rejected,rejected,counterexample,24,0,8142,2.982978,3.198451,1,2
automation-shell-026,automation,shell,constructed,semantic,monitor-violation,rejected,rejected,counterexample,24,0,8137,3.100782,3.04927,1,2
automation-shell-027,automation,shell,constructed,semantic,monitor-violation,rejected,rejected,counterexample,24,0,9720,3.690602,3.523694,1,2
automation-shell-028,automation,shell,constructed,semantic,monitor-violation,rejected,rejected,counterexample,24,0,9717,3.55521,3.227266,1,2
automation-shell-029,automation,shell,constructed,coverage,missing-obligation,rejected,rejected,counterexample,24,0,9458,3.186153,3.310781,1,3
automation-shell-030,automation,shell,constructed,coverage,spurious-obligation,rejected,rejected,counterexample,24,0,9651,3.076542,3.174432,1,3
automation-shell-031,automation,shell,constructed,coverage,missing-obligation,rejected,rejected,counterexample,24,0,11054,3.703845,3.617863,1,3
automation-shell-032,automation,shell,constructed,coverage,spurious-obligation,rejected,rejected,counterexample,24,0,11255,3.658355,3.386383,1,3
automation-shell-033,automation,shell,constructed,origin,nonexistent-origin,rejected,rejected,counterexample,24,0,9622,3.057327,3.291855,1,3
automation-shell-034,automation,shell,constructed,origin,wrong-existing-origin,rejected,rejected,counterexample,24,0,9657,3.061986,3.174318,1,3
automation-shell-035,automation,shell,constructed,origin,nonexistent-origin,rejected,rejected,counterexample,24,0,11224,3.751544,3.602276,1,3
automation-shell-036,automation,shell,constructed,origin,wrong-existing-origin,rejected,rejected,counterexample,24,0,11261,3.676191,3.356011,1,3
php-sdk-001,php-sdk,php-sdk-literal,public-advisory-abstraction,safe,advisory-patched,accepted,accepted,certificate,24,4,18441,1.409376,2.776429,,
php-sdk-002,php-sdk,php-sdk-literal,public-advisory-abstraction,safe,advisory-patched,accepted,accepted,certificate,24,4,26059,1.966666,3.62659,,
php-sdk-003,php-sdk,php-sdk-literal,public-advisory-abstraction,safe,advisory-patched,accepted,accepted,certificate,24,8,33234,2.55632,5.156099,,
php-sdk-004,php-sdk,php-sdk-literal,public-advisory-abstraction,safe,advisory-patched,accepted,accepted,certificate,24,8,33235,2.562664,5.162146,,
php-sdk-005,php-sdk,php-sdk-literal,public-advisory-abstraction,safe,advisory-patched,accepted,accepted,certificate,24,4,20947,1.537139,2.993444,,
php-sdk-006,php-sdk,php-sdk-literal,public-advisory-abstraction,safe,advisory-patched,accepted,accepted,certificate,24,8,32997,2.468905,5.00939,,
php-sdk-007,php-sdk,php-sdk-literal,public-advisory-abstraction,semantic,advisory-vulnerable,rejected,rejected,counterexample,24,0,8584,3.031021,3.07951,1,2
php-sdk-008,php-sdk,php-sdk-literal,public-advisory-abstraction,semantic,advisory-vulnerable,rejected,rejected,counterexample,24,0,8997,3.64149,3.417848,1,2
php-sdk-009,php-sdk,php-sdk-literal,public-advisory-abstraction,semantic,advisory-vulnerable,rejected,rejected,counterexample,24,0,11459,4.109195,3.437667,1,2
php-sdk-010,php-sdk,php-sdk-literal,public-advisory-abstraction,semantic,advisory-vulnerable,rejected,rejected,counterexample,24,0,11460,4.114134,3.436352,1,2
php-sdk-011,php-sdk,php-sdk-literal,public-advisory-abstraction,semantic,advisory-vulnerable,rejected,rejected,counterexample,24,0,9747,3.257895,3.262241,1,3
php-sdk-012,php-sdk,php-sdk-literal,public-advisory-abstraction,semantic,advisory-vulnerable,rejected,rejected,counterexample,24,0,11426,4.68153,3.442336,1,2
python-model-001,python-model,python-model-factory,public-advisory-abstraction,safe,advisory-patched,accepted,accepted,certificate,24,3,13561,1.192582,2.065801,,
python-model-002,python-model,python-model-factory,public-advisory-abstraction,safe,advisory-patched,accepted,accepted,certificate,24,3,15545,1.273528,2.282214,,
python-model-003,python-model,python-model-factory,public-advisory-abstraction,safe,advisory-patched,accepted,accepted,certificate,24,6,23385,1.956454,3.797734,,
python-model-004,python-model,python-model-factory,public-advisory-abstraction,safe,advisory-patched,accepted,accepted,certificate,24,6,23277,1.919032,3.656161,,
python-model-005,python-model,python-model-factory,public-advisory-abstraction,safe,advisory-patched,accepted,accepted,certificate,24,3,15929,1.277218,2.332697,,
python-model-006,python-model,python-model-factory,public-advisory-abstraction,safe,advisory-patched,accepted,accepted,certificate,24,4,20388,1.654112,3.113285,,
python-model-007,python-model,python-model-factory,public-advisory-abstraction,semantic,advisory-vulnerable,rejected,rejected,counterexample,24,0,8644,3.064863,3.100362,1,2
python-model-008,python-model,python-model-factory,public-advisory-abstraction,semantic,advisory-vulnerable,rejected,rejected,counterexample,24,0,9816,3.237831,3.2893,1,3
python-model-009,python-model,python-model-factory,public-advisory-abstraction,semantic,advisory-vulnerable,rejected,rejected,counterexample,24,0,11536,4.212306,3.442818,1,2
python-model-010,python-model,python-model-factory,public-advisory-abstraction,semantic,advisory-vulnerable,rejected,rejected,counterexample,24,0,11543,4.115638,3.439771,1,2
python-model-011,python-model,python-model-factory,public-advisory-abstraction,semantic,advisory-vulnerable,rejected,rejected,counterexample,24,0,9704,3.266811,3.370468,1,2
python-model-012,python-model,python-model-factory,public-advisory-abstraction,semantic,advisory-vulnerable,rejected,rejected,counterexample,24,0,9062,3.694741,3.411058,1,2
service-auth-001,service,auth,constructed,safe,none,accepted,accepted,certificate,24,4,14573,1.182432,2.434916,,
service-auth-002,service,auth,constructed,safe,none,accepted,accepted,certificate,24,4,14632,1.22773,2.403103,,
service-auth-003,service,auth,constructed,safe,none,accepted,accepted,certificate,24,6,19458,1.533715,3.301411,,
service-auth-004,service,auth,constructed,safe,none,accepted,accepted,certificate,24,6,19574,1.625056,3.411261,,
service-auth-005,service,auth,constructed,safe,none,accepted,accepted,certificate,24,4,14573,1.1406,2.369025,,
service-auth-006,service,auth,constructed,safe,none,accepted,accepted,certificate,24,4,14632,1.210416,2.436271,,
service-auth-007,service,auth,constructed,safe,none,accepted,accepted,certificate,24,6,19458,1.529584,3.260718,,
service-auth-008,service,auth,constructed,safe,none,accepted,accepted,certificate,24,6,19574,1.588751,3.398989,,
service-auth-009,service,auth,constructed,safe,none,accepted,accepted,certificate,24,4,14573,1.145888,2.362442,,
service-auth-010,service,auth,constructed,safe,none,accepted,accepted,certificate,24,4,14632,1.22149,2.406942,,
service-auth-011,service,auth,constructed,safe,none,accepted,accepted,certificate,24,6,19458,1.525381,3.267097,,
service-auth-012,service,auth,constructed,safe,none,accepted,accepted,certificate,24,6,19574,1.616619,3.420574,,
service-auth-013,service,auth,constructed,safe,none,accepted,accepted,certificate,24,4,14573,1.157174,2.380291,,
service-auth-014,service,auth,constructed,safe,none,accepted,accepted,certificate,24,4,14632,1.216881,2.440001,,
service-auth-015,service,auth,constructed,safe,none,accepted,accepted,certificate,24,6,19458,1.516827,3.292636,,
service-auth-016,service,auth,constructed,safe,none,accepted,accepted,certificate,24,6,19574,1.615,3.400142,,
service-auth-017,service,auth,constructed,safe,none,accepted,accepted,certificate,24,4,14573,1.139248,2.372786,,
service-auth-018,service,auth,constructed,safe,none,accepted,accepted,certificate,24,4,14632,1.20904,2.459132,,
service-auth-019,service,auth,constructed,semantic,monitor-violation,rejected,rejected,counterexample,24,0,7849,3.513,4.147092,2,1
service-auth-020,service,auth,constructed,semantic,monitor-violation,rejected,rejected,counterexample,24,0,7840,3.34867,3.551566,2,1
service-auth-021,service,auth,constructed,semantic,monitor-violation,rejected,rejected,counterexample,24,0,6715,2.682927,2.910198,1,1
service-auth-022,service,auth,constructed,semantic,monitor-violation,rejected,rejected,counterexample,24,0,6704,2.620231,2.688836,1,1
service-auth-023,service,auth,constructed,semantic,monitor-violation,rejected,rejected,counterexample,24,0,7849,3.504737,4.12503,2,1
service-auth-024,service,auth,constructed,semantic,monitor-violation,rejected,rejected,counterexample,24,0,7840,3.397688,3.480083,2,1
service-auth-025,service,auth,constructed,semantic,monitor-violation,rejected,rejected,counterexample,24,0,6715,2.594635,2.885859,1,1
service-auth-026,service,auth,constructed,semantic,monitor-violation,rejected,rejected,counterexample,24,0,6704,2.624541,2.685365,1,1
service-auth-027,service,auth,constructed,semantic,monitor-violation,rejected,rejected,counterexample,24,0,7849,3.573549,4.132152,2,1
service-auth-028,service,auth,constructed,semantic,monitor-violation,rejected,rejected,counterexample,24,0,7840,3.361182,3.476622,2,1
service-auth-029,service,auth,constructed,coverage,missing-obligation,rejected,rejected,counterexample,24,0,7655,2.6998,2.9595,1,2
service-auth-030,service,auth,constructed,coverage,spurious-obligation,rejected,rejected,counterexample,24,0,7847,2.701104,2.763763,1,2
service-auth-031,service,auth,constructed,coverage,missing-obligation,rejected,rejected,counterexample,24,0,8803,3.571249,4.181347,2,2
service-auth-032,service,auth,constructed,coverage,spurious-obligation,rejected,rejected,counterexample,24,0,9003,3.390397,3.595066,2,2
service-auth-033,service,auth,constructed,origin,nonexistent-origin,rejected,rejected,counterexample,24,0,7818,2.694553,2.933575,1,2
service-auth-034,service,auth,constructed,origin,wrong-existing-origin,rejected,rejected,counterexample,24,0,7827,2.693365,2.768369,1,2
service-auth-035,service,auth,constructed,origin,nonexistent-origin,rejected,rejected,counterexample,24,0,8972,3.573293,4.210418,2,2
service-auth-036,service,auth,constructed,origin,wrong-existing-origin,rejected,rejected,counterexample,24,0,8983,3.372202,3.61256,2,2
service-credential-001,service,credential,constructed,safe,none,accepted,accepted,certificate,24,4,19436,1.31474,2.740522,,
service-credential-002,service,credential,constructed,safe,none,accepted,accepted,certificate,24,4,19495,1.433126,2.797616,,
service-credential-003,service,credential,constructed,safe,none,accepted,accepted,certificate,24,6,26664,1.849971,3.808626,,
service-credential-004,service,credential,constructed,safe,none,accepted,accepted,certificate,24,6,26780,1.886379,3.9084,,
service-credential-005,service,credential,constructed,safe,none,accepted,accepted,certificate,24,4,19436,1.35833,2.738219,,
service-credential-006,service,credential,constructed,safe,none,accepted,accepted,certificate,24,4,19495,1.407487,2.800593,,
service-credential-007,service,credential,constructed,safe,none,accepted,accepted,certificate,24,6,26664,1.784122,3.791174,,
service-credential-008,service,credential,constructed,safe,none,accepted,accepted,certificate,24,6,26780,1.909831,3.974287,,
service-credential-009,service,credential,constructed,safe,none,accepted,accepted,certificate,24,4,19436,1.319772,2.782431,,
service-credential-010,service,credential,constructed,safe,none,accepted,accepted,certificate,24,4,19495,1.404464,2.832679,,
service-credential-011,service,credential,constructed,safe,none,accepted,accepted,certificate,24,6,26664,1.808989,3.838526,,
service-credential-012,service,credential,constructed,safe,none,accepted,accepted,certificate,24,6,26780,1.884069,3.936125,,
service-credential-013,service,credential,constructed,safe,none,accepted,accepted,certificate,24,4,19436,1.332829,2.76902,,
service-credential-014,service,credential,constructed,safe,none,accepted,accepted,certificate,24,4,19495,1.399417,2.860558,,
service-credential-015,service,credential,constructed,safe,none,accepted,accepted,certificate,24,6,26664,1.808072,4.011199,,
service-credential-016,service,credential,constructed,safe,none,accepted,accepted,certificate,24,6,26780,1.890329,3.959036,,
service-credential-017,service,credential,constructed,safe,none,accepted,accepted,certificate,24,4,19436,1.330158,2.739517,,
service-credential-018,service,credential,constructed,safe,none,accepted,accepted,certificate,24,4,19495,1.426956,2.854656,,
service-credential-019,service,credential,constructed,semantic,monitor-violation,rejected,rejected,counterexample,24,0,9800,4.074783,4.719512,2,2
service-credential-020,service,credential,constructed,semantic,monitor-violation,rejected,rejected,counterexample,24,0,9791,3.750141,3.906096,2,2
service-credential-021,service,credential,constructed,semantic,monitor-violation,rejected,rejected,counterexample,24,0,8207,2.856283,3.088518,1,2
service-credential-022,service,credential,constructed,semantic,monitor-violation,rejected,rejected,counterexample,24,0,8196,2.838249,2.894794,1,2
service-credential-023,service,credential,constructed,semantic,monitor-violation,rejected,rejected,counterexample,24,0,9800,4.107508,4.641822,2,2
service-credential-024,service,credential,constructed,semantic,monitor-violation,rejected,rejected,counterexample,24,0,9791,3.794338,4.230114,2,2
service-credential-025,service,credential,constructed,semantic,monitor-violation,rejected,rejected,counterexample,24,0,8207,2.871877,3.094326,1,2
service-credential-026,service,credential,constructed,semantic,monitor-violation,rejected,rejected,counterexample,24,0,8196,2.899983,2.857118,1,2
service-credential-027,service,credential,constructed,semantic,monitor-violation,rejected,rejected,counterexample,24,0,9800,4.337686,4.808762,2,2
service-credential-028,service,credential,constructed,semantic,monitor-violation,rejected,rejected,counterexample,24,0,9791,4.254858,4.488553,2,2
service-credential-029,service,credential,constructed,coverage,missing-obligation,rejected,rejected,counterexample,24,0,9587,3.082241,3.29988,1,3
service-credential-030,service,credential,constructed,coverage,spurious-obligation,rejected,rejected,counterexample,24,0,9779,3.507462,3.499281,1,3
service-credential-031,service,credential,constructed,coverage,missing-obligation,rejected,rejected,counterexample,24,0,11198,5.185676,5.883593,2,3
service-credential-032,service,credential,constructed,coverage,spurious-obligation,rejected,rejected,counterexample,24,0,11398,4.523083,4.649685,2,3
service-credential-033,service,credential,constructed,origin,nonexistent-origin,rejected,rejected,counterexample,24,0,9750,3.334105,3.668569,1,3
service-credential-034,service,credential,constructed,origin,wrong-existing-origin,rejected,rejected,counterexample,24,0,9789,3.213363,3.29506,1,3
service-credential-035,service,credential,constructed,origin,nonexistent-origin,rejected,rejected,counterexample,24,0,11367,4.392466,5.01031,2,3
service-credential-036,service,credential,constructed,origin,wrong-existing-origin,rejected,rejected,counterexample,24,0,11408,4.067542,4.321051,2,3
service-token-001,service,token,constructed,safe,none,accepted,accepted,certificate,24,4,14767,1.255805,2.477145,,
service-token-002,service,token,constructed,safe,none,accepted,accepted,certificate,24,4,14826,1.277568,2.5465,,
service-token-003,service,token,constructed,safe,none,accepted,accepted,certificate,24,6,19747,1.591662,3.371023,,
service-token-004,service,token,constructed,safe,none,accepted,accepted,certificate,24,6,19863,1.675039,3.500779,,
service-token-005,service,token,constructed,safe,none,accepted,accepted,certificate,24,4,14767,1.16666,2.45892,,
service-token-006,service,token,constructed,safe,none,accepted,accepted,certificate,24,4,14826,1.255826,2.51985,,
service-token-007,service,token,constructed,safe,none,accepted,accepted,certificate,24,6,19747,1.572695,3.411155,,
service-token-008,service,token,constructed,safe,none,accepted,accepted,certificate,24,6,19863,1.687522,3.559966,,
service-token-009,service,token,constructed,safe,none,accepted,accepted,certificate,24,4,14767,1.170286,2.488318,,
service-token-010,service,token,constructed,safe,none,accepted,accepted,certificate,24,4,14826,1.25514,2.527256,,
service-token-011,service,token,constructed,safe,none,accepted,accepted,certificate,24,6,19747,1.570756,3.378891,,
service-token-012,service,token,constructed,safe,none,accepted,accepted,certificate,24,6,19863,1.680996,3.514369,,
service-token-013,service,token,constructed,safe,none,accepted,accepted,certificate,24,4,14767,1.184337,2.515716,,
service-token-014,service,token,constructed,safe,none,accepted,accepted,certificate,24,4,14826,1.34511,2.564606,,
service-token-015,service,token,constructed,safe,none,accepted,accepted,certificate,24,6,19747,1.590766,3.368575,,
service-token-016,service,token,constructed,safe,none,accepted,accepted,certificate,24,6,19863,1.722082,3.540733,,
service-token-017,service,token,constructed,safe,none,accepted,accepted,certificate,24,4,14767,1.173644,2.458197,,
service-token-018,service,token,constructed,safe,none,accepted,accepted,certificate,24,4,14826,1.269899,2.527027,,
service-token-019,service,token,constructed,semantic,monitor-violation,rejected,rejected,counterexample,24,0,8878,3.694952,4.336784,2,2
service-token-020,service,token,constructed,semantic,monitor-violation,rejected,rejected,counterexample,24,0,8869,3.554581,3.68933,2,2
service-token-021,service,token,constructed,semantic,monitor-violation,rejected,rejected,counterexample,24,0,7692,2.851707,3.047607,1,2
service-token-022,service,token,constructed,semantic,monitor-violation,rejected,rejected,counterexample,24,0,7681,2.746198,2.85324,1,2
service-token-023,service,token,constructed,semantic,monitor-violation,rejected,rejected,counterexample,24,0,8878,3.733275,4.438264,2,2
service-token-024,service,token,constructed,semantic,monitor-violation,rejected,rejected,counterexample,24,0,8869,3.597633,3.705824,2,2
service-token-025,service,token,constructed,semantic,monitor-violation,rejected,rejected,counterexample,24,0,7692,2.823496,3.037661,1,2
service-token-026,service,token,constructed,semantic,monitor-violation,rejected,rejected,counterexample,24,0,7681,2.748965,2.848366,1,2
service-token-027,service,token,constructed,semantic,monitor-violation,rejected,rejected,counterexample,24,0,8878,3.819669,4.367725,2,2
service-token-028,service,token,constructed,semantic,monitor-violation,rejected,rejected,counterexample,24,0,8869,3.545015,3.682279,2,2
service-token-029,service,token,constructed,coverage,missing-obligation,rejected,rejected,counterexample,24,0,7768,2.870571,3.028057,1,2
service-token-030,service,token,constructed,coverage,spurious-obligation,rejected,rejected,counterexample,24,0,7960,2.754639,2.852614,1,2
service-token-031,service,token,constructed,coverage,missing-obligation,rejected,rejected,counterexample,24,0,8950,3.733054,4.295066,2,2
service-token-032,service,token,constructed,coverage,spurious-obligation,rejected,rejected,counterexample,24,0,9150,3.553463,3.762041,2,2
service-token-033,service,token,constructed,origin,nonexistent-origin,rejected,rejected,counterexample,24,0,7931,2.785131,3.095435,1,2
service-token-034,service,token,constructed,origin,wrong-existing-origin,rejected,rejected,counterexample,24,0,7945,2.797162,2.880909,1,2
service-token-035,service,token,constructed,origin,nonexistent-origin,rejected,rejected,counterexample,24,0,9119,3.727599,4.355041,2,2
service-token-036,service,token,constructed,origin,wrong-existing-origin,rejected,rejected,counterexample,24,0,9135,3.521126,3.793004,2,2
typescript-mock-001,typescript-mock,typescript-mock-const,public-advisory-abstraction,safe,advisory-patched,accepted,accepted,certificate,24,4,21785,1.626467,3.093298,,
typescript-mock-002,typescript-mock,typescript-mock-const,public-advisory-abstraction,safe,advisory-patched,accepted,accepted,certificate,24,8,33223,2.658966,5.446496,,
typescript-mock-003,typescript-mock,typescript-mock-const,public-advisory-abstraction,safe,advisory-patched,accepted,accepted,certificate,24,8,33151,2.54749,5.183419,,
typescript-mock-004,typescript-mock,typescript-mock-const,public-advisory-abstraction,safe,advisory-patched,accepted,accepted,certificate,24,4,26110,1.977194,3.710221,,
typescript-mock-005,typescript-mock,typescript-mock-const,public-advisory-abstraction,safe,advisory-patched,accepted,accepted,certificate,24,4,23838,1.687518,3.329721,,
typescript-mock-006,typescript-mock,typescript-mock-const,public-advisory-abstraction,safe,advisory-patched,accepted,accepted,certificate,24,4,18492,1.447756,2.841884,,
typescript-mock-007,typescript-mock,typescript-mock-const,public-advisory-abstraction,semantic,advisory-vulnerable,rejected,rejected,counterexample,24,0,9746,3.339931,3.492659,1,2
typescript-mock-008,typescript-mock,typescript-mock-const,public-advisory-abstraction,semantic,advisory-vulnerable,rejected,rejected,counterexample,24,0,11561,4.197353,3.414924,1,2
typescript-mock-009,typescript-mock,typescript-mock-const,public-advisory-abstraction,semantic,advisory-vulnerable,rejected,rejected,counterexample,24,0,11586,4.203031,3.521603,1,2
typescript-mock-010,typescript-mock,typescript-mock-const,public-advisory-abstraction,semantic,advisory-vulnerable,rejected,rejected,counterexample,24,0,9092,3.644054,3.446508,1,2
typescript-mock-011,typescript-mock,typescript-mock-const,public-advisory-abstraction,semantic,advisory-vulnerable,rejected,rejected,counterexample,24,0,10488,3.552846,3.470373,1,3
typescript-mock-012,typescript-mock,typescript-mock-const,public-advisory-abstraction,semantic,advisory-vulnerable,rejected,rejected,counterexample,24,0,8671,3.369686,3.145809,1,2
web-auth-001,web,auth,constructed,safe,none,accepted,accepted,certificate,24,4,14424,1.448735,2.455097,,
web-auth-002,web,auth,constructed,safe,none,accepted,accepted,certificate,24,4,14473,1.224182,2.449724,,
web-auth-003,web,auth,constructed,safe,none,accepted,accepted,certificate,24,6,19249,1.536116,3.309938,,
web-auth-004,web,auth,constructed,safe,none,accepted,accepted,certificate,24,6,19346,1.610608,3.47426,,
web-auth-005,web,auth,constructed,safe,none,accepted,accepted,certificate,24,4,14424,1.151076,2.383361,,
web-auth-006,web,auth,constructed,safe,none,accepted,accepted,certificate,24,4,14473,1.260715,2.512749,,
web-auth-007,web,auth,constructed,safe,none,accepted,accepted,certificate,24,6,19249,1.574174,3.37756,,
web-auth-008,web,auth,constructed,safe,none,accepted,accepted,certificate,24,6,19346,1.612327,3.436193,,
web-auth-009,web,auth,constructed,safe,none,accepted,accepted,certificate,24,4,14424,1.147578,2.357,,
web-auth-010,web,auth,constructed,safe,none,accepted,accepted,certificate,24,4,14473,1.228284,2.436755,,
web-auth-011,web,auth,constructed,safe,none,accepted,accepted,certificate,24,6,19249,1.520822,3.342253,,
web-auth-012,web,auth,constructed,safe,none,accepted,accepted,certificate,24,6,19346,1.665011,3.416444,,
web-auth-013,web,auth,constructed,safe,none,accepted,accepted,certificate,24,4,14424,1.259022,3.505434,,
web-auth-014,web,auth,constructed,safe,none,accepted,accepted,certificate,24,4,14473,1.249378,2.853901,,
web-auth-015,web,auth,constructed,safe,none,accepted,accepted,certificate,24,6,19249,1.676872,4.985134,,
web-auth-016,web,auth,constructed,safe,none,accepted,accepted,certificate,24,6,19346,1.73028,3.504798,,
web-auth-017,web,auth,constructed,safe,none,accepted,accepted,certificate,24,4,14424,1.138543,2.392275,,
web-auth-018,web,auth,constructed,safe,none,accepted,accepted,certificate,24,4,14473,1.254259,2.474962,,
web-auth-019,web,auth,constructed,semantic,monitor-violation,rejected,rejected,counterexample,24,0,7750,3.685084,4.201999,2,1
web-auth-020,web,auth,constructed,semantic,monitor-violation,rejected,rejected,counterexample,24,0,7752,3.458098,3.590485,2,1
web-auth-021,web,auth,constructed,semantic,monitor-violation,rejected,rejected,counterexample,24,0,6641,2.732159,2.953242,1,1
web-auth-022,web,auth,constructed,semantic,monitor-violation,rejected,rejected,counterexample,24,0,6639,2.691399,2.742636,1,1
web-auth-023,web,auth,constructed,semantic,monitor-violation,rejected,rejected,counterexample,24,0,7750,3.575876,4.210782,2,1
web-auth-024,web,auth,constructed,semantic,monitor-violation,rejected,rejected,counterexample,24,0,7752,4.188403,3.573178,2,1
web-auth-025,web,auth,constructed,semantic,monitor-violation,rejected,rejected,counterexample,24,0,6641,2.713022,2.931143,1,1
web-auth-026,web,auth,constructed,semantic,monitor-violation,rejected,rejected,counterexample,24,0,6639,2.697424,2.756564,1,1
web-auth-027,web,auth,constructed,semantic,monitor-violation,rejected,rejected,counterexample,24,0,7750,3.69143,4.188084,2,1
web-auth-028,web,auth,constructed,semantic,monitor-violation,rejected,rejected,counterexample,24,0,7752,3.447274,3.599849,2,1
web-auth-029,web,auth,constructed,coverage,missing-obligation,rejected,rejected,counterexample,24,0,7569,2.791327,2.998197,1,2
web-auth-030,web,auth,constructed,coverage,spurious-obligation,rejected,rejected,counterexample,24,0,7770,2.70043,2.805356,1,2
web-auth-031,web,auth,constructed,coverage,missing-obligation,rejected,rejected,counterexample,24,0,8692,3.624465,4.307469,2,2
web-auth-032,web,auth,constructed,coverage,spurious-obligation,rejected,rejected,counterexample,24,0,8903,3.47421,3.62183,2,2
web-auth-033,web,auth,constructed,origin,nonexistent-origin,rejected,rejected,counterexample,24,0,7732,2.711877,3.055123,1,2
web-auth-034,web,auth,constructed,origin,wrong-existing-origin,rejected,rejected,counterexample,24,0,7730,2.779452,2.800578,1,2
web-auth-035,web,auth,constructed,origin,nonexistent-origin,rejected,rejected,counterexample,24,0,8861,3.584288,4.229799,2,2
web-auth-036,web,auth,constructed,origin,wrong-existing-origin,rejected,rejected,counterexample,24,0,8863,3.783682,3.955873,2,2
web-html-001,web,html,constructed,safe,none,accepted,accepted,certificate,24,4,19729,1.403043,2.935974,,
web-html-002,web,html,constructed,safe,none,accepted,accepted,certificate,24,4,19778,1.525237,2.964942,,
web-html-003,web,html,constructed,safe,none,accepted,accepted,certificate,24,6,26648,1.957011,4.112264,,
web-html-004,web,html,constructed,safe,none,accepted,accepted,certificate,24,6,26745,2.124881,4.138446,,
web-html-005,web,html,constructed,safe,none,accepted,accepted,certificate,24,4,19729,1.42003,2.885023,,
web-html-006,web,html,constructed,safe,none,accepted,accepted,certificate,24,4,19778,1.527952,2.992423,,
web-html-007,web,html,constructed,safe,none,accepted,accepted,certificate,24,6,26648,2.014817,4.01882,,
web-html-008,web,html,constructed,safe,none,accepted,accepted,certificate,24,6,26745,2.017922,4.224041,,
web-html-009,web,html,constructed,safe,none,accepted,accepted,certificate,24,4,19729,1.397123,2.89516,,
web-html-010,web,html,constructed,safe,none,accepted,accepted,certificate,24,4,19778,1.493766,3.03076,,
web-html-011,web,html,constructed,safe,none,accepted,accepted,certificate,24,6,26648,1.954781,4.00853,,
web-html-012,web,html,constructed,safe,none,accepted,accepted,certificate,24,6,26745,2.078901,4.196591,,
web-html-013,web,html,constructed,safe,none,accepted,accepted,certificate,24,4,19729,1.44908,2.922494,,
web-html-014,web,html,constructed,safe,none,accepted,accepted,certificate,24,4,19778,1.543237,3.002377,,
web-html-015,web,html,constructed,safe,none,accepted,accepted,certificate,24,6,26648,1.898984,4.039403,,
web-html-016,web,html,constructed,safe,none,accepted,accepted,certificate,24,6,26745,2.03123,4.148372,,
web-html-017,web,html,constructed,safe,none,accepted,accepted,certificate,24,4,19729,1.414274,2.878917,,
web-html-018,web,html,constructed,safe,none,accepted,accepted,certificate,24,4,19778,1.493156,2.993518,,
web-html-019,web,html,constructed,semantic,monitor-violation,rejected,rejected,counterexample,24,0,9554,4.457204,4.950536,2,2
web-html-020,web,html,constructed,semantic,monitor-violation,rejected,rejected,counterexample,24,0,9556,4.026539,4.019966,2,2
web-html-021,web,html,constructed,semantic,monitor-violation,rejected,rejected,counterexample,24,0,8024,3.018864,3.204334,1,2
web-html-022,web,html,constructed,semantic,monitor-violation,rejected,rejected,counterexample,24,0,8022,2.975322,2.902374,1,2
web-html-023,web,html,constructed,semantic,monitor-violation,rejected,rejected,counterexample,24,0,9554,4.446334,5.567571,2,2
web-html-024,web,html,constructed,semantic,monitor-violation,rejected,rejected,counterexample,24,0,9556,4.033806,4.023862,2,2
web-html-025,web,html,constructed,semantic,monitor-violation,rejected,rejected,counterexample,24,0,8024,3.032707,3.16857,1,2
web-html-026,web,html,constructed,semantic,monitor-violation,rejected,rejected,counterexample,24,0,8022,2.932058,2.904047,1,2
web-html-027,web,html,constructed,semantic,monitor-violation,rejected,rejected,counterexample,24,0,9554,4.460878,4.903335,2,2
web-html-028,web,html,constructed,semantic,monitor-violation,rejected,rejected,counterexample,24,0,9556,4.060781,4.044947,2,2
web-html-029,web,html,constructed,coverage,missing-obligation,rejected,rejected,counterexample,24,0,9326,3.099989,3.274267,1,3
web-html-030,web,html,constructed,coverage,spurious-obligation,rejected,rejected,counterexample,24,0,9522,3.037309,3.023316,1,3
web-html-031,web,html,constructed,coverage,missing-obligation,rejected,rejected,counterexample,24,0,10874,4.501776,5.022733,2,3
web-html-032,web,html,constructed,coverage,spurious-obligation,rejected,rejected,counterexample,24,0,11080,4.158179,4.149293,2,3
web-html-033,web,html,constructed,origin,nonexistent-origin,rejected,rejected,counterexample,24,0,9490,3.053263,3.359641,1,3
web-html-034,web,html,constructed,origin,wrong-existing-origin,rejected,rejected,counterexample,24,0,9488,3.028966,3.050702,1,3
web-html-035,web,html,constructed,origin,nonexistent-origin,rejected,rejected,counterexample,24,0,11044,4.52246,5.014536,2,3
web-html-036,web,html,constructed,origin,wrong-existing-origin,rejected,rejected,counterexample,24,0,11046,4.114086,4.179042,2,3
web-sql-001,web,sql,constructed,safe,none,accepted,accepted,certificate,24,4,19771,1.399679,2.876444,,
web-sql-002,web,sql,constructed,safe,none,accepted,accepted,certificate,24,4,19820,1.486154,2.95231,,
web-sql-003,web,sql,constructed,safe,none,accepted,accepted,certificate,24,6,26696,1.891635,4.033836,,
web-sql-004,web,sql,constructed,safe,none,accepted,accepted,certificate,24,6,26793,2.044678,4.148138,,
web-sql-005,web,sql,constructed,safe,none,accepted,accepted,certificate,24,4,19771,1.416976,2.912585,,
web-sql-006,web,sql,constructed,safe,none,accepted,accepted,certificate,24,4,19820,1.475192,2.955368,,
web-sql-007,web,sql,constructed,safe,none,accepted,accepted,certificate,24,6,26696,1.928451,4.323073,,
web-sql-008,web,sql,constructed,safe,none,accepted,accepted,certificate,24,6,26793,2.02444,4.134889,,
web-sql-009,web,sql,constructed,safe,none,accepted,accepted,certificate,24,4,19771,1.41974,2.902632,,
web-sql-010,web,sql,constructed,safe,none,accepted,accepted,certificate,24,4,19820,1.500334,2.990769,,
web-sql-011,web,sql,constructed,safe,none,accepted,accepted,certificate,24,6,26696,1.927311,4.000586,,
web-sql-012,web,sql,constructed,safe,none,accepted,accepted,certificate,24,6,26793,2.011424,4.11051,,
web-sql-013,web,sql,constructed,safe,none,accepted,accepted,certificate,24,4,19771,1.429518,2.837609,,
web-sql-014,web,sql,constructed,safe,none,accepted,accepted,certificate,24,4,19820,1.492922,2.936059,,
web-sql-015,web,sql,constructed,safe,none,accepted,accepted,certificate,24,6,26696,1.931408,4.005418,,
web-sql-016,web,sql,constructed,safe,none,accepted,accepted,certificate,24,6,26793,2.020247,4.124456,,
web-sql-017,web,sql,constructed,safe,none,accepted,accepted,certificate,24,4,19771,1.400874,2.860231,,
web-sql-018,web,sql,constructed,safe,none,accepted,accepted,certificate,24,4,19820,1.500835,2.939014,,
web-sql-019,web,sql,constructed,semantic,monitor-violation,rejected,rejected,counterexample,24,0,9534,4.524382,4.90553,2,2
web-sql-020,web,sql,constructed,semantic,monitor-violation,rejected,rejected,counterexample,24,0,9536,4.057174,4.098031,2,2
web-sql-021,web,sql,constructed,semantic,monitor-violation,rejected,rejected,counterexample,24,0,8009,3.015286,3.166141,1,2
web-sql-022,web,sql,constructed,semantic,monitor-violation,rejected,rejected,counterexample,24,0,8007,3.018627,2.915915,1,2
web-sql-023,web,sql,constructed,semantic,monitor-violation,rejected,rejected,counterexample,24,0,9534,4.527533,4.878953,2,2
web-sql-024,web,sql,constructed,semantic,monitor-violation,rejected,rejected,counterexample,24,0,9536,4.027928,4.100479,2,2
web-sql-025,web,sql,constructed,semantic,monitor-violation,rejected,rejected,counterexample,24,0,8009,3.016154,3.15698,1,2
web-sql-026,web,sql,constructed,semantic,monitor-violation,rejected,rejected,counterexample,24,0,8007,2.951218,2.954364,1,2
web-sql-027,web,sql,constructed,semantic,monitor-violation,rejected,rejected,counterexample,24,0,9534,4.441233,4.879701,2,2
web-sql-028,web,sql,constructed,semantic,monitor-violation,rejected,rejected,counterexample,24,0,9536,4.000294,4.020201,2,2
web-sql-029,web,sql,constructed,coverage,missing-obligation,rejected,rejected,counterexample,24,0,9318,3.086235,3.31308,1,3
web-sql-030,web,sql,constructed,coverage,spurious-obligation,rejected,rejected,counterexample,24,0,9514,3.0062,3.021902,1,3
web-sql-031,web,sql,constructed,coverage,missing-obligation,rejected,rejected,counterexample,24,0,10861,4.484963,4.999136,2,3
web-sql-032,web,sql,constructed,coverage,spurious-obligation,rejected,rejected,counterexample,24,0,11067,4.164227,4.159268,2,3
web-sql-033,web,sql,constructed,origin,nonexistent-origin,rejected,rejected,counterexample,24,0,9482,3.078194,3.301048,1,3
web-sql-034,web,sql,constructed,origin,wrong-existing-origin,rejected,rejected,counterexample,24,0,9475,3.017923,3.008192,1,3
web-sql-035,web,sql,constructed,origin,nonexistent-origin,rejected,rejected,counterexample,24,0,11031,4.504345,5.02715,2,3
web-sql-036,web,sql,constructed,origin,wrong-existing-origin,rejected,rejected,counterexample,24,0,11028,4.123028,4.227054,2,3
