case_id,anchor,record,state,assignments,unsafe_assignments,historical_oracle_class,checker_class,agreement
php-sdk-001,php-sdk-literal,GHSA-jqwh-526h-c92j,patched,24,0,accepted,accepted,True
php-sdk-002,php-sdk-literal,GHSA-jqwh-526h-c92j,patched,24,0,accepted,accepted,True
php-sdk-003,php-sdk-literal,GHSA-jqwh-526h-c92j,patched,24,0,accepted,accepted,True
php-sdk-004,php-sdk-literal,GHSA-jqwh-526h-c92j,patched,24,0,accepted,accepted,True
php-sdk-005,php-sdk-literal,GHSA-jqwh-526h-c92j,patched,24,0,accepted,accepted,True
php-sdk-006,php-sdk-literal,GHSA-jqwh-526h-c92j,patched,24,0,accepted,accepted,True
php-sdk-007,php-sdk-literal,GHSA-jqwh-526h-c92j,vulnerable,24,12,rejected,rejected,True
php-sdk-008,php-sdk-literal,GHSA-jqwh-526h-c92j,vulnerable,24,12,rejected,rejected,True
php-sdk-009,php-sdk-literal,GHSA-jqwh-526h-c92j,vulnerable,24,12,rejected,rejected,True
php-sdk-010,php-sdk-literal,GHSA-jqwh-526h-c92j,vulnerable,24,12,rejected,rejected,True
php-sdk-011,php-sdk-literal,GHSA-jqwh-526h-c92j,vulnerable,24,12,rejected,rejected,True
php-sdk-012,php-sdk-literal,GHSA-jqwh-526h-c92j,vulnerable,24,12,rejected,rejected,True
python-model-001,python-model-factory,GHSA-386q-5hp3-95m9,patched,24,0,accepted,accepted,True
python-model-002,python-model-factory,GHSA-386q-5hp3-95m9,patched,24,0,accepted,accepted,True
python-model-003,python-model-factory,GHSA-386q-5hp3-95m9,patched,24,0,accepted,accepted,True
python-model-004,python-model-factory,GHSA-386q-5hp3-95m9,patched,24,0,accepted,accepted,True
python-model-005,python-model-factory,GHSA-386q-5hp3-95m9,patched,24,0,accepted,accepted,True
python-model-006,python-model-factory,GHSA-386q-5hp3-95m9,patched,24,0,accepted,accepted,True
python-model-007,python-model-factory,GHSA-386q-5hp3-95m9,vulnerable,24,12,rejected,rejected,True
python-model-008,python-model-factory,GHSA-386q-5hp3-95m9,vulnerable,24,12,rejected,rejected,True
python-model-009,python-model-factory,GHSA-386q-5hp3-95m9,vulnerable,24,12,rejected,rejected,True
python-model-010,python-model-factory,GHSA-386q-5hp3-95m9,vulnerable,24,12,rejected,rejected,True
python-model-011,python-model-factory,GHSA-386q-5hp3-95m9,vulnerable,24,12,rejected,rejected,True
python-model-012,python-model-factory,GHSA-386q-5hp3-95m9,vulnerable,24,12,rejected,rejected,True
typescript-mock-001,typescript-mock-const,GHSA-f456-rf33-4626,patched,24,0,accepted,accepted,True
typescript-mock-002,typescript-mock-const,GHSA-f456-rf33-4626,patched,24,0,accepted,accepted,True
typescript-mock-003,typescript-mock-const,GHSA-f456-rf33-4626,patched,24,0,accepted,accepted,True
typescript-mock-004,typescript-mock-const,GHSA-f456-rf33-4626,patched,24,0,accepted,accepted,True
typescript-mock-005,typescript-mock-const,GHSA-f456-rf33-4626,patched,24,0,accepted,accepted,True
typescript-mock-006,typescript-mock-const,GHSA-f456-rf33-4626,patched,24,0,accepted,accepted,True
typescript-mock-007,typescript-mock-const,GHSA-f456-rf33-4626,vulnerable,24,12,rejected,rejected,True
typescript-mock-008,typescript-mock-const,GHSA-f456-rf33-4626,vulnerable,24,12,rejected,rejected,True
typescript-mock-009,typescript-mock-const,GHSA-f456-rf33-4626,vulnerable,24,12,rejected,rejected,True
typescript-mock-010,typescript-mock-const,GHSA-f456-rf33-4626,vulnerable,24,12,rejected,rejected,True
typescript-mock-011,typescript-mock-const,GHSA-f456-rf33-4626,vulnerable,24,12,rejected,rejected,True
typescript-mock-012,typescript-mock-const,GHSA-f456-rf33-4626,vulnerable,24,12,rejected,rejected,True
